orderID,uniqueID,customerID,employeeID,orderDate,requiredDate,shippedDate,shipVia,Freight,productID,unitPrice,quantity,discount,companyName,contactName,contactTitle,employeeslastName,employeesfirstName,employeestitle,productName,supplierID,categoryID,quantityPerUnit,unitPrice1,unitsInStock,unitsOnOrder,reorderLevel,discontinued,categoryName,supplierscompanyName,supplierscontactName,supplierscontactTitle
10248,1,VINET,5,1996-07-04,1996-08-01,1996-07-16,3,3238,11,14,12,0,Vins et alcools Chevalier,Paul Henriot,Accounting Manager,Buchanan,Steven,Sales Manager,Queso Cabrales,5,4,1 kg pkg,21,22,30,30,0,Dairy Products,Cooperativa de Quesos 'Las Cabras',Antonio del Valle Saavedra,Export Administrator
10266,2,WARTH,3,1996-07-26,1996-09-06,1996-07-31,3,2573,12,304,12,5,Wartian Herkku,Pirkko Koskitalo,Accounting Manager,Leverling,Janet,Sales Representative,Queso Manchego La Pastora,5,4,10 - 500 g pkgs,38,86,0,0,0,Dairy Products,Cooperativa de Quesos 'Las Cabras',Antonio del Valle Saavedra,Export Administrator
10258,3,ERNSH,1,1996-07-17,1996-08-14,1996-07-23,1,14051,2,152,50,2,Ernst Handel,Roland Mendel,Sales Manager,Davolio,Nancy,Sales Representative,Chang,1,1,24 - 12 oz bottles,19,17,40,25,0,Beverages,Exotic Liquids,Charlotte Cooper,Purchasing Manager
10255,4,RICSU,9,1996-07-12,1996-08-09,1996-07-15,3,14833,2,152,20,0,Richter Supermarkt,Michael Holz,Sales Manager,Dodsworth,Anne,Sales Representative,Chang,1,1,24 - 12 oz bottles,19,17,40,25,0,Beverages,Exotic Liquids,Charlotte Cooper,Purchasing Manager
10264,5,FOLKO,6,1996-07-24,1996-08-21,1996-08-23,3,367,2,152,35,0,Folk och fä HB,Maria Larsson,Owner,Suyama,Michael,Sales Representative,Chang,1,1,24 - 12 oz bottles,19,17,40,25,0,Beverages,Exotic Liquids,Charlotte Cooper,Purchasing Manager
10248,6,VINET,5,1996-07-04,1996-08-01,1996-07-16,3,3238,72,348,5,0,Vins et alcools Chevalier,Paul Henriot,Accounting Manager,Buchanan,Steven,Sales Manager,Mozzarella di Giovanni,14,4,24 - 200 g pkgs,348,14,0,0,0,Dairy Products,Formaggi Fortini srl,Elio Rossi,Sales Representative
10274,7,VINET,6,1996-08-06,1996-09-03,1996-08-16,1,601,72,278,7,0,Vins et alcools Chevalier,Paul Henriot,Accounting Manager,Suyama,Michael,Sales Representative,Mozzarella di Giovanni,14,4,24 - 200 g pkgs,348,14,0,0,0,Dairy Products,Formaggi Fortini srl,Elio Rossi,Sales Representative
10268,8,GROSR,8,1996-07-30,1996-08-27,1996-08-02,3,6629,72,278,4,0,GROSELLA-Restaurante,Manuel Pereira,Owner,Callahan,Laura,Inside Sales Coordinator,Mozzarella di Giovanni,14,4,24 - 200 g pkgs,348,14,0,0,0,Dairy Products,Formaggi Fortini srl,Elio Rossi,Sales Representative
10272,9,RATTC,6,1996-08-02,1996-08-30,1996-08-06,2,9803,72,278,24,0,Rattlesnake Canyon Grocery,Paula Wilson,Assistant Sales Representative,Suyama,Michael,Sales Representative,Mozzarella di Giovanni,14,4,24 - 200 g pkgs,348,14,0,0,0,Dairy Products,Formaggi Fortini srl,Elio Rossi,Sales Representative
10258,10,ERNSH,1,1996-07-17,1996-08-14,1996-07-23,1,14051,5,17,65,2,Ernst Handel,Roland Mendel,Sales Manager,Davolio,Nancy,Sales Representative,Chef Anton's Gumbo Mix,2,2,36 boxes,2135,0,0,0,1,Condiments,New Orleans Cajun Delights,Shelley Burke,Order Administrator
10262,11,RATTC,8,1996-07-22,1996-08-19,1996-07-25,3,4829,5,17,12,2,Rattlesnake Canyon Grocery,Paula Wilson,Assistant Sales Representative,Callahan,Laura,Inside Sales Coordinator,Chef Anton's Gumbo Mix,2,2,36 boxes,2135,0,0,0,1,Condiments,New Orleans Cajun Delights,Shelley Burke,Order Administrator
10262,12,RATTC,8,1996-07-22,1996-08-19,1996-07-25,3,4829,7,24,15,0,Rattlesnake Canyon Grocery,Paula Wilson,Assistant Sales Representative,Callahan,Laura,Inside Sales Coordinator,Uncle Bob's Organic Dried Pears,3,7,12 - 1 lb pkgs,30,15,0,10,0,Produce,Grandma Kelly's Homestead,Regina Murphy,Sales Representative
10249,13,TOMSP,6,1996-07-05,1996-08-16,1996-07-10,1,1161,14,186,9,0,Toms Spezialitäten,Karin Josephs,Marketing Manager,Suyama,Michael,Sales Representative,Tofu,6,7,40 - 100 g pkgs,2325,35,0,0,0,Produce,Mayumi's,Mayumi Ohno,Marketing Representative
10278,14,BERGS,8,1996-08-12,1996-09-09,1996-08-16,2,9269,63,351,8,0,Berglunds snabbköp,Christina Berglund,Order Administrator,Callahan,Laura,Inside Sales Coordinator,Vegie-spread,7,2,15 - 625 g jars,439,24,0,5,0,Condiments,Pavlova, Ltd,Ian Devling
10248,15,VINET,5,1996-07-04,1996-08-01,1996-07-16,3,3238,42,98,10,0,Vins et alcools Chevalier,Paul Henriot,Accounting Manager,Buchanan,Steven,Sales Manager,Singaporean Hokkien Fried Mee,20,5,32 - 1 kg pkgs,14,26,0,0,1,Grains/Cereals,Leka Trading,Chandra Leka,Owner
10278,16,BERGS,8,1996-08-12,1996-09-09,1996-08-16,2,9269,44,155,16,0,Berglunds snabbköp,Christina Berglund,Order Administrator,Callahan,Laura,Inside Sales Coordinator,Gula Malacca,20,2,20 - 2 kg bags,1945,27,0,15,0,Condiments,Leka Trading,Chandra Leka,Owner
10274,17,VINET,6,1996-08-06,1996-09-03,1996-08-16,1,601,71,172,20,0,Vins et alcools Chevalier,Paul Henriot,Accounting Manager,Suyama,Michael,Sales Representative,Flotemysost,15,4,10 - 500 g pkgs,215,26,0,0,0,Dairy Products,Norske Meierier,Beate Vileid,Marketing Manager
10280,18,BERGS,2,1996-08-14,1996-09-11,1996-09-12,1,898,24,36,12,0,Berglunds snabbköp,Christina Berglund,Order Administrator,Fuller,Andrew,Vice President  Sales,Guaraná Fantástica,10,1,12 - 355 ml cans,45,20,0,0,1,Beverages,Refrescos Americanas LTDA,Carlos Diaz,Marketing Manager
10254,19,CHOPS,5,1996-07-11,1996-08-08,1996-07-23,2,2298,24,36,15,15,Chop-suey Chinese,Yang Wang,Owner,Buchanan,Steven,Sales Manager,Guaraná Fantástica,10,1,12 - 355 ml cans,45,20,0,0,1,Beverages,Refrescos Americanas LTDA,Carlos Diaz,Marketing Manager
10263,20,ERNSH,9,1996-07-23,1996-08-20,1996-07-31,3,14606,24,36,28,0,Ernst Handel,Roland Mendel,Sales Manager,Dodsworth,Anne,Sales Representative,Guaraná Fantástica,10,1,12 - 355 ml cans,45,20,0,0,1,Beverages,Refrescos Americanas LTDA,Carlos Diaz,Marketing Manager
10275,21,MAGAA,1,1996-08-07,1996-09-04,1996-08-09,1,2693,24,36,12,5,Magazzini Alimentari Riuniti,Giovanni Rovelli,Marketing Manager,Davolio,Nancy,Sales Representative,Guaraná Fantástica,10,1,12 - 355 ml cans,45,20,0,0,1,Beverages,Refrescos Americanas LTDA,Carlos Diaz,Marketing Manager
10249,22,TOMSP,6,1996-07-05,1996-08-16,1996-07-10,1,1161,51,424,40,0,Toms Spezialitäten,Karin Josephs,Marketing Manager,Suyama,Michael,Sales Representative,Manjimup Dried Apples,24,7,50 - 300 g pkgs,53,20,0,10,0,Produce,G'day, Mate,Wendy Mackenzie
10250,23,HANAR,4,1996-07-08,1996-08-05,1996-07-12,2,6583,51,424,35,15,Hanari Carnes,Mario Pontes,Accounting Manager,Peacock,Margaret,Sales Representative,Manjimup Dried Apples,24,7,50 - 300 g pkgs,53,20,0,10,0,Produce,G'day, Mate,Wendy Mackenzie
10278,24,BERGS,8,1996-08-12,1996-09-09,1996-08-16,2,9269,73,12,25,0,Berglunds snabbköp,Christina Berglund,Order Administrator,Callahan,Laura,Inside Sales Coordinator,Röd Kaviar,17,8,24 - 150 g jars,15,101,0,5,0,Seafood,Svensk Sjöföda AB,Michael Björn,Sales Representative
10278,25,BERGS,8,1996-08-12,1996-09-09,1996-08-16,2,9269,59,44,15,0,Berglunds snabbköp,Christina Berglund,Order Administrator,Callahan,Laura,Inside Sales Coordinator,Raclette Courdavault,28,4,5 kg pkg,55,79,0,0,0,Dairy Products,Gai pâturage,Eliane Noz,Sales Representative
10255,26,RICSU,9,1996-07-12,1996-08-09,1996-07-15,3,14833,59,44,30,0,Richter Supermarkt,Michael Holz,Sales Manager,Dodsworth,Anne,Sales Representative,Raclette Courdavault,28,4,5 kg pkg,55,79,0,0,0,Dairy Products,Gai pâturage,Eliane Noz,Sales Representative
10267,27,FRANK,4,1996-07-29,1996-08-26,1996-08-06,1,20858,59,44,70,15,Frankenversand,Peter Franken,Marketing Manager,Peacock,Margaret,Sales Representative,Raclette Courdavault,28,4,5 kg pkg,55,79,0,0,0,Dairy Products,Gai pâturage,Eliane Noz,Sales Representative
10275,28,MAGAA,1,1996-08-07,1996-09-04,1996-08-09,1,2693,59,44,6,5,Magazzini Alimentari Riuniti,Giovanni Rovelli,Marketing Manager,Davolio,Nancy,Sales Representative,Raclette Courdavault,28,4,5 kg pkg,55,79,0,0,0,Dairy Products,Gai pâturage,Eliane Noz,Sales Representative
10280,29,BERGS,2,1996-08-14,1996-09-11,1996-09-12,1,898,55,192,20,0,Berglunds snabbköp,Christina Berglund,Order Administrator,Fuller,Andrew,Vice President  Sales,Pâté chinois,25,6,24 boxes x 2 pies,24,115,0,20,0,Meat/Poultry,Ma Maison,Jean-Guy Lauzon,Marketing Manager
10254,30,CHOPS,5,1996-07-11,1996-08-08,1996-07-23,2,2298,55,192,21,15,Chop-suey Chinese,Yang Wang,Owner,Buchanan,Steven,Sales Manager,Pâté chinois,25,6,24 boxes x 2 pies,24,115,0,20,0,Meat/Poultry,Ma Maison,Jean-Guy Lauzon,Marketing Manager
10280,31,BERGS,2,1996-08-14,1996-09-11,1996-09-12,1,898,75,62,30,0,Berglunds snabbköp,Christina Berglund,Order Administrator,Fuller,Andrew,Vice President  Sales,Rhönbräu Klosterbier,12,1,24 - 05 l bottles,775,125,0,25,0,Beverages,Plutzer LebensmittelgroÁEmärkte AG,Martin Bein,International Marketing Mgr
10250,32,HANAR,4,1996-07-08,1996-08-05,1996-07-12,2,6583,41,77,10,0,Hanari Carnes,Mario Pontes,Accounting Manager,Peacock,Margaret,Sales Representative,Jack's New England Clam Chowder,19,8,12 - 12 oz cans,965,85,0,10,0,Seafood,New England Seafood Cannery,Robb Merchant,Wholesale Account Agent
10264,33,FOLKO,6,1996-07-24,1996-08-21,1996-08-23,3,367,41,77,25,15,Folk och fä HB,Maria Larsson,Owner,Suyama,Michael,Sales Representative,Jack's New England Clam Chowder,19,8,12 - 12 oz cans,965,85,0,10,0,Seafood,New England Seafood Cannery,Robb Merchant,Wholesale Account Agent
10260,34,OTTIK,4,1996-07-19,1996-08-16,1996-07-29,1,5509,41,77,16,25,Ottilies Käseladen,Henriette Pfalzheim,Owner,Peacock,Margaret,Sales Representative,Jack's New England Clam Chowder,19,8,12 - 12 oz cans,965,85,0,10,0,Seafood,New England Seafood Cannery,Robb Merchant,Wholesale Account Agent
10283,35,LILAS,3,1996-08-16,1996-09-13,1996-08-23,3,8481,15,124,20,0,LILA-Supermercado,Carlos González,Accounting Manager,Leverling,Janet,Sales Representative,Genen Shouyu,6,2,24 - 250 ml bottles,155,39,0,5,0,Condiments,Mayumi's,Mayumi Ohno,Marketing Representative
10263,36,ERNSH,9,1996-07-23,1996-08-20,1996-07-31,3,14606,16,139,60,25,Ernst Handel,Roland Mendel,Sales Manager,Dodsworth,Anne,Sales Representative,Pavlova,7,3,32 - 500 g boxes,1745,29,0,10,0,Confections,Pavlova, Ltd,Ian Devling
10255,37,RICSU,9,1996-07-12,1996-08-09,1996-07-15,3,14833,16,139,35,0,Richter Supermarkt,Michael Holz,Sales Manager,Dodsworth,Anne,Sales Representative,Pavlova,7,3,32 - 500 g boxes,1745,29,0,10,0,Confections,Pavlova, Ltd,Ian Devling
10250,38,HANAR,4,1996-07-08,1996-08-05,1996-07-12,2,6583,65,168,15,15,Hanari Carnes,Mario Pontes,Accounting Manager,Peacock,Margaret,Sales Representative,Louisiana Fiery Hot Pepper Sauce,2,2,32 - 8 oz bottles,2105,76,0,0,0,Condiments,New Orleans Cajun Delights,Shelley Burke,Order Administrator
10251,39,VICTE,3,1996-07-08,1996-08-05,1996-07-15,1,4134,65,168,20,0,Victuailles en stock,Mary Saveley,Sales Agent,Leverling,Janet,Sales Representative,Louisiana Fiery Hot Pepper Sauce,2,2,32 - 8 oz bottles,2105,76,0,0,0,Condiments,New Orleans Cajun Delights,Shelley Burke,Order Administrator
10265,40,BLONP,2,1996-07-25,1996-08-22,1996-08-12,1,5528,17,312,30,0,Blondesddsl père et fils,Frédérique Citeaux,Marketing Manager,Fuller,Andrew,Vice President  Sales,Alice Mutton,7,6,20 - 1 kg tins,39,0,0,0,1,Meat/Poultry,Pavlova, Ltd,Ian Devling
10279,41,LEHMS,8,1996-08-13,1996-09-10,1996-08-16,2,2583,17,312,15,25,Lehmanns Marktstand,Renate Messner,Sales Representative,Callahan,Laura,Inside Sales Coordinator,Alice Mutton,7,6,20 - 1 kg tins,39,0,0,0,1,Meat/Poultry,Pavlova, Ltd,Ian Devling
10253,42,HANAR,3,1996-07-10,1996-07-24,1996-07-16,2,5817,31,10,20,0,Hanari Carnes,Mario Pontes,Accounting Manager,Leverling,Janet,Sales Representative,Gorgonzola Telino,14,4,12 - 100 g pkgs,125,0,70,20,0,Dairy Products,Formaggi Fortini srl,Elio Rossi,Sales Representative
10272,43,RATTC,6,1996-08-02,1996-08-30,1996-08-06,2,9803,31,10,40,0,Rattlesnake Canyon Grocery,Paula Wilson,Assistant Sales Representative,Suyama,Michael,Sales Representative,Gorgonzola Telino,14,4,12 - 100 g pkgs,125,0,70,20,0,Dairy Products,Formaggi Fortini srl,Elio Rossi,Sales Representative
10253,44,HANAR,3,1996-07-10,1996-07-24,1996-07-16,2,5817,39,144,42,0,Hanari Carnes,Mario Pontes,Accounting Manager,Leverling,Janet,Sales Representative,Chartreuse verte,18,1,750 cc per bottle,18,69,0,5,0,Beverages,Aux joyeux ecclésiastiques,Guylène Nodier,Sales Manager
10257,45,HILAA,4,1996-07-16,1996-08-13,1996-07-22,3,8191,39,144,6,0,HILARION-Abastos,Carlos Hernández,Sales Representative,Peacock,Margaret,Sales Representative,Chartreuse verte,18,1,750 cc per bottle,18,69,0,5,0,Beverages,Aux joyeux ecclésiastiques,Guylène Nodier,Sales Manager
10253,46,HANAR,3,1996-07-10,1996-07-24,1996-07-16,2,5817,49,16,40,0,Hanari Carnes,Mario Pontes,Accounting Manager,Leverling,Janet,Sales Representative,Maxilaku,23,3,24 - 50 g pkgs,20,10,60,15,0,Confections,Karkki Oy,Anne Heikkonen,Product Manager
10252,47,SUPRD,4,1996-07-09,1996-08-06,1996-07-11,2,513,20,648,40,5,Suprêmes délices,Pascale Cartrain,Accounting Manager,Peacock,Margaret,Sales Representative,Sir Rodney's Marmalade,8,3,30 gift boxes,81,40,0,0,0,Confections,Specialty Biscuits, Ltd,Peter Wilson
10272,48,RATTC,6,1996-08-02,1996-08-30,1996-08-06,2,9803,20,648,6,0,Rattlesnake Canyon Grocery,Paula Wilson,Assistant Sales Representative,Suyama,Michael,Sales Representative,Sir Rodney's Marmalade,8,3,30 gift boxes,81,40,0,0,0,Confections,Specialty Biscuits, Ltd,Peter Wilson
10259,49,CENTC,4,1996-07-18,1996-08-15,1996-07-25,3,325,21,8,10,0,Centro comercial Moctezuma,Francisco Chang,Marketing Manager,Peacock,Margaret,Sales Representative,Sir Rodney's Scones,8,3,24 pkgs x 4 pieces,10,3,40,5,0,Confections,Specialty Biscuits, Ltd,Peter Wilson
10261,50,QUEDE,4,1996-07-19,1996-08-16,1996-07-30,2,305,21,8,20,0,Que Delícia,Bernardo Batista,Accounting Manager,Peacock,Margaret,Sales Representative,Sir Rodney's Scones,8,3,24 pkgs x 4 pieces,10,3,40,5,0,Confections,Specialty Biscuits, Ltd,Peter Wilson
10265,51,BLONP,2,1996-07-25,1996-08-22,1996-08-12,1,5528,70,12,20,0,Blondesddsl père et fils,Frédérique Citeaux,Marketing Manager,Fuller,Andrew,Vice President  Sales,Outback Lager,7,1,24 - 355 ml bottles,15,15,10,30,0,Beverages,Pavlova, Ltd,Ian Devling
10260,52,OTTIK,4,1996-07-19,1996-08-16,1996-07-29,1,5509,70,12,21,25,Ottilies Käseladen,Henriette Pfalzheim,Owner,Peacock,Margaret,Sales Representative,Outback Lager,7,1,24 - 355 ml bottles,15,15,10,30,0,Beverages,Pavlova, Ltd,Ian Devling
10251,53,VICTE,3,1996-07-08,1996-08-05,1996-07-15,1,4134,22,168,6,5,Victuailles en stock,Mary Saveley,Sales Agent,Leverling,Janet,Sales Representative,Gustaf's Knäckebröd,9,5,24 - 500 g pkgs,21,104,0,25,0,Grains/Cereals,PB Knäckebröd AB,Lars Peterson,Sales Agent
10251,54,VICTE,3,1996-07-08,1996-08-05,1996-07-15,1,4134,57,156,15,5,Victuailles en stock,Mary Saveley,Sales Agent,Leverling,Janet,Sales Representative,Ravioli Angelo,26,5,24 - 250 g pkgs,195,36,0,20,0,Grains/Cereals,Pasta Buttini srl,Giovanni Giudici,Order Administrator
10260,55,OTTIK,4,1996-07-19,1996-08-16,1996-07-29,1,5509,57,156,50,0,Ottilies Käseladen,Henriette Pfalzheim,Owner,Peacock,Margaret,Sales Representative,Ravioli Angelo,26,5,24 - 250 g pkgs,195,36,0,20,0,Grains/Cereals,Pasta Buttini srl,Giovanni Giudici,Order Administrator
10252,56,SUPRD,4,1996-07-09,1996-08-06,1996-07-11,2,513,33,2,25,5,Suprêmes délices,Pascale Cartrain,Accounting Manager,Peacock,Margaret,Sales Representative,Geitost,15,4,500 g,25,112,0,20,0,Dairy Products,Norske Meierier,Beate Vileid,Marketing Manager
10269,57,WHITC,5,1996-07-31,1996-08-14,1996-08-09,1,456,33,2,60,5,White Clover Markets,Karl Jablonski,Owner,Buchanan,Steven,Sales Manager,Geitost,15,4,500 g,25,112,0,20,0,Dairy Products,Norske Meierier,Beate Vileid,Marketing Manager
10257,58,HILAA,4,1996-07-16,1996-08-13,1996-07-22,3,8191,27,351,25,0,HILARION-Abastos,Carlos Hernández,Sales Representative,Peacock,Margaret,Sales Representative,Schoggi Schokolade,11,3,100 - 100 g pieces,439,49,0,30,0,Confections,Heli SüÁEwaren GmbH & Co KG,Petra Winkler,Sales Manager
10252,59,SUPRD,4,1996-07-09,1996-08-06,1996-07-11,2,513,60,272,40,0,Suprêmes délices,Pascale Cartrain,Accounting Manager,Peacock,Margaret,Sales Representative,Camembert Pierrot,28,4,15 - 300 g rounds,34,19,0,0,0,Dairy Products,Gai pâturage,Eliane Noz,Sales Representative
10277,60,MORGK,2,1996-08-09,1996-09-06,1996-08-13,3,12577,28,364,20,0,Morgenstern Gesundkost,Alexander Feuer,Marketing Assistant,Fuller,Andrew,Vice President  Sales,Rössle Sauerkraut,12,7,25 - 825 g cans,456,26,0,0,1,Produce,Plutzer LebensmittelgroÁEmärkte AG,Martin Bein,International Marketing Mgr
10268,61,GROSR,8,1996-07-30,1996-08-27,1996-08-02,3,6629,29,99,10,0,GROSELLA-Restaurante,Manuel Pereira,Owner,Callahan,Laura,Inside Sales Coordinator,Thüringer Rostbratwurst,12,6,50 bags x 30 sausgs,12379,0,0,0,1,Meat/Poultry,Plutzer LebensmittelgroÁEmärkte AG,Martin Bein,International Marketing Mgr
10259,62,CENTC,4,1996-07-18,1996-08-15,1996-07-25,3,325,37,208,1,0,Centro comercial Moctezuma,Francisco Chang,Marketing Manager,Peacock,Margaret,Sales Representative,Gravad lax,17,8,12 - 500 g pkgs,26,11,50,25,0,Seafood,Svensk Sjöföda AB,Michael Björn,Sales Representative
10263,63,ERNSH,9,1996-07-23,1996-08-20,1996-07-31,3,14606,30,207,60,25,Ernst Handel,Roland Mendel,Sales Manager,Dodsworth,Anne,Sales Representative,Nord-Ost Matjeshering,13,8,10 - 200 g glasses,2589,10,0,15,0,Seafood,Nord-Ost-Fisch Handelsgesellschaft mbH,Sven Petersen,Coordinator Foreign Markets
10258,64,ERNSH,1,1996-07-17,1996-08-14,1996-07-23,1,14051,32,256,6,2,Ernst Handel,Roland Mendel,Sales Manager,Davolio,Nancy,Sales Representative,Mascarpone Fabioli,14,4,24 - 200 g pkgs,32,9,40,25,0,Dairy Products,Formaggi Fortini srl,Elio Rossi,Sales Representative
10254,65,CHOPS,5,1996-07-11,1996-08-08,1996-07-23,2,2298,74,8,21,0,Chop-suey Chinese,Yang Wang,Owner,Buchanan,Steven,Sales Manager,Longlife Tofu,4,7,5 kg pkg,10,4,20,5,0,Produce,Tokyo Traders,Yoshi Nagase,Marketing Manager
10263,66,ERNSH,9,1996-07-23,1996-08-20,1996-07-31,3,14606,74,8,36,25,Ernst Handel,Roland Mendel,Sales Manager,Dodsworth,Anne,Sales Representative,Longlife Tofu,4,7,5 kg pkg,10,4,20,5,0,Produce,Tokyo Traders,Yoshi Nagase,Marketing Manager
10261,67,QUEDE,4,1996-07-19,1996-08-16,1996-07-30,2,305,35,144,20,0,Que Delícia,Bernardo Batista,Accounting Manager,Peacock,Margaret,Sales Representative,Steeleye Stout,16,1,24 - 12 oz bottles,18,20,0,15,0,Beverages,Bigfoot Breweries,Cheryl Saylor,Regional Account Rep
10255,68,RICSU,9,1996-07-12,1996-08-09,1996-07-15,3,14833,36,152,25,0,Richter Supermarkt,Michael Holz,Sales Manager,Dodsworth,Anne,Sales Representative,Inlagd Sill,17,8,24 - 250 g  jars,19,112,0,20,0,Seafood,Svensk Sjöföda AB,Michael Björn,Sales Representative
10270,69,WARTH,1,1996-08-01,1996-08-29,1996-08-02,1,13654,36,152,30,0,Wartian Herkku,Pirkko Koskitalo,Accounting Manager,Davolio,Nancy,Sales Representative,Inlagd Sill,17,8,24 - 250 g  jars,19,112,0,20,0,Seafood,Svensk Sjöföda AB,Michael Björn,Sales Representative
10267,70,FRANK,4,1996-07-29,1996-08-26,1996-08-06,1,20858,40,147,50,0,Frankenversand,Peter Franken,Marketing Manager,Peacock,Margaret,Sales Representative,Boston Crab Meat,19,8,24 - 4 oz tins,184,123,0,30,0,Seafood,New England Seafood Cannery,Robb Merchant,Wholesale Account Agent
10270,71,WARTH,1,1996-08-01,1996-08-29,1996-08-02,1,13654,43,368,25,0,Wartian Herkku,Pirkko Koskitalo,Accounting Manager,Davolio,Nancy,Sales Representative,Ipoh Coffee,20,1,16 - 500 g tins,46,17,10,25,0,Beverages,Leka Trading,Chandra Leka,Owner
10256,72,WELLI,3,1996-07-15,1996-08-12,1996-07-17,2,1397,53,262,15,0,Wellington Importadora,Paula Parente,Sales Manager,Leverling,Janet,Sales Representative,Perth Pasties,24,6,48 pieces,328,0,0,0,1,Meat/Poultry,G'day, Mate,Wendy Mackenzie
10256,73,WELLI,3,1996-07-15,1996-08-12,1996-07-17,2,1397,77,104,12,0,Wellington Importadora,Paula Parente,Sales Manager,Leverling,Janet,Sales Representative,Original Frankfurter grüne SoÁEe,12,2,12 boxes,13,32,0,15,0,Condiments,Plutzer LebensmittelgroÁEmärkte AG,Martin Bein,International Marketing Mgr
10257,74,HILAA,4,1996-07-16,1996-08-13,1996-07-22,3,8191,77,104,15,0,HILARION-Abastos,Carlos Hernández,Sales Representative,Peacock,Margaret,Sales Representative,Original Frankfurter grüne SoÁEe,12,2,12 boxes,13,32,0,15,0,Condiments,Plutzer LebensmittelgroÁEmärkte AG,Martin Bein,International Marketing Mgr
10267,75,FRANK,4,1996-07-29,1996-08-26,1996-08-06,1,20858,76,144,15,15,Frankenversand,Peter Franken,Marketing Manager,Peacock,Margaret,Sales Representative,Lakkalikööri,23,1,500 ml,18,57,0,20,0,Beverages,Karkki Oy,Anne Heikkonen,Product Manager
10262,76,RATTC,8,1996-07-22,1996-08-19,1996-07-25,3,4829,56,304,2,0,Rattlesnake Canyon Grocery,Paula Wilson,Assistant Sales Representative,Callahan,Laura,Inside Sales Coordinator,Gnocchi di nonna Alice,26,5,24 - 250 g pkgs,38,21,10,30,0,Grains/Cereals,Pasta Buttini srl,Giovanni Giudici,Order Administrator
10260,77,OTTIK,4,1996-07-19,1996-08-16,1996-07-29,1,5509,62,394,15,25,Ottilies Käseladen,Henriette Pfalzheim,Owner,Peacock,Margaret,Sales Representative,Tarte au sucre,29,3,48 pies,493,17,0,0,0,Confections,Forêts d'érables,Chantal Goulet,Accounting Manager
10277,78,MORGK,2,1996-08-09,1996-09-06,1996-08-13,3,12577,62,394,12,0,Morgenstern Gesundkost,Alexander Feuer,Marketing Assistant,Fuller,Andrew,Vice President  Sales,Tarte au sucre,29,3,48 pies,493,17,0,0,0,Confections,Forêts d'érables,Chantal Goulet,Accounting Manager
10269,79,WHITC,5,1996-07-31,1996-08-14,1996-08-09,1,456,72,278,20,5,White Clover Markets,Karl Jablonski,Owner,Buchanan,Steven,Sales Manager,Mozzarella di Giovanni,14,4,24 - 200 g pkgs,348,14,0,0,0,Dairy Products,Formaggi Fortini srl,Elio Rossi,Sales Representative
10271,80,SPLIR,6,1996-08-01,1996-08-29,1996-08-30,2,454,33,2,24,0,Split Rail Beer & Ale,Art Braunschweiger,Sales Manager,Suyama,Michael,Sales Representative,Geitost,15,4,500 g,25,112,0,20,0,Dairy Products,Norske Meierier,Beate Vileid,Marketing Manager
10273,81,QUICK,3,1996-08-05,1996-09-02,1996-08-12,3,7607,10,248,24,5,QUICK-Stop,Horst Kloss,Accounting Manager,Leverling,Janet,Sales Representative,Ikura,4,8,12 - 200 ml jars,31,31,0,0,0,Seafood,Tokyo Traders,Yoshi Nagase,Marketing Manager
10273,82,QUICK,3,1996-08-05,1996-09-02,1996-08-12,3,7607,31,10,15,5,QUICK-Stop,Horst Kloss,Accounting Manager,Leverling,Janet,Sales Representative,Gorgonzola Telino,14,4,12 - 100 g pkgs,125,0,70,20,0,Dairy Products,Formaggi Fortini srl,Elio Rossi,Sales Representative
10273,83,QUICK,3,1996-08-05,1996-09-02,1996-08-12,3,7607,33,2,20,0,QUICK-Stop,Horst Kloss,Accounting Manager,Leverling,Janet,Sales Representative,Geitost,15,4,500 g,25,112,0,20,0,Dairy Products,Norske Meierier,Beate Vileid,Marketing Manager
10273,84,QUICK,3,1996-08-05,1996-09-02,1996-08-12,3,7607,40,147,60,5,QUICK-Stop,Horst Kloss,Accounting Manager,Leverling,Janet,Sales Representative,Boston Crab Meat,19,8,24 - 4 oz tins,184,123,0,30,0,Seafood,New England Seafood Cannery,Robb Merchant,Wholesale Account Agent
10273,85,QUICK,3,1996-08-05,1996-09-02,1996-08-12,3,7607,76,144,33,5,QUICK-Stop,Horst Kloss,Accounting Manager,Leverling,Janet,Sales Representative,Lakkalikööri,23,1,500 ml,18,57,0,20,0,Beverages,Karkki Oy,Anne Heikkonen,Product Manager
10281,86,ROMEY,4,1996-08-14,1996-08-28,1996-08-21,1,294,19,73,1,0,Romero y tomillo,Alejandra Camino,Accounting Manager,Peacock,Margaret,Sales Representative,Teatime Chocolate Biscuits,8,3,10 boxes x 12 pieces,92,25,0,5,0,Confections,Specialty Biscuits, Ltd,Peter Wilson
10281,87,ROMEY,4,1996-08-14,1996-08-28,1996-08-21,1,294,24,36,6,0,Romero y tomillo,Alejandra Camino,Accounting Manager,Peacock,Margaret,Sales Representative,Guaraná Fantástica,10,1,12 - 355 ml cans,45,20,0,0,1,Beverages,Refrescos Americanas LTDA,Carlos Diaz,Marketing Manager
10281,88,ROMEY,4,1996-08-14,1996-08-28,1996-08-21,1,294,35,144,4,0,Romero y tomillo,Alejandra Camino,Accounting Manager,Peacock,Margaret,Sales Representative,Steeleye Stout,16,1,24 - 12 oz bottles,18,20,0,15,0,Beverages,Bigfoot Breweries,Cheryl Saylor,Regional Account Rep
10282,89,ROMEY,4,1996-08-15,1996-09-12,1996-08-21,1,1269,30,207,6,0,Romero y tomillo,Alejandra Camino,Accounting Manager,Peacock,Margaret,Sales Representative,Nord-Ost Matjeshering,13,8,10 - 200 g glasses,2589,10,0,15,0,Seafood,Nord-Ost-Fisch Handelsgesellschaft mbH,Sven Petersen,Coordinator Foreign Markets
10282,90,ROMEY,4,1996-08-15,1996-09-12,1996-08-21,1,1269,57,156,2,0,Romero y tomillo,Alejandra Camino,Accounting Manager,Peacock,Margaret,Sales Representative,Ravioli Angelo,26,5,24 - 250 g pkgs,195,36,0,20,0,Grains/Cereals,Pasta Buttini srl,Giovanni Giudici,Order Administrator
10276,91,TORTU,8,1996-08-08,1996-08-22,1996-08-14,3,1384,10,248,15,0,Tortuga Restaurante,Miguel Angel Paolino,Owner,Callahan,Laura,Inside Sales Coordinator,Ikura,4,8,12 - 200 ml jars,31,31,0,0,0,Seafood,Tokyo Traders,Yoshi Nagase,Marketing Manager
10276,92,TORTU,8,1996-08-08,1996-08-22,1996-08-14,3,1384,13,48,10,0,Tortuga Restaurante,Miguel Angel Paolino,Owner,Callahan,Laura,Inside Sales Coordinator,Konbu,6,8,2 kg box,6,24,0,5,0,Seafood,Mayumi's,Mayumi Ohno,Marketing Representative
10283,93,LILAS,3,1996-08-16,1996-09-13,1996-08-23,3,8481,19,73,18,0,LILA-Supermercado,Carlos González,Accounting Manager,Leverling,Janet,Sales Representative,Teatime Chocolate Biscuits,8,3,10 boxes x 12 pieces,92,25,0,5,0,Confections,Specialty Biscuits, Ltd,Peter Wilson
10283,94,LILAS,3,1996-08-16,1996-09-13,1996-08-23,3,8481,60,272,35,0,LILA-Supermercado,Carlos González,Accounting Manager,Leverling,Janet,Sales Representative,Camembert Pierrot,28,4,15 - 300 g rounds,34,19,0,0,0,Dairy Products,Gai pâturage,Eliane Noz,Sales Representative
10283,95,LILAS,3,1996-08-16,1996-09-13,1996-08-23,3,8481,72,278,3,0,LILA-Supermercado,Carlos González,Accounting Manager,Leverling,Janet,Sales Representative,Mozzarella di Giovanni,14,4,24 - 200 g pkgs,348,14,0,0,0,Dairy Products,Formaggi Fortini srl,Elio Rossi,Sales Representative
10284,96,LEHMS,4,1996-08-19,1996-09-16,1996-08-27,1,7656,27,351,15,25,Lehmanns Marktstand,Renate Messner,Sales Representative,Peacock,Margaret,Sales Representative,Schoggi Schokolade,11,3,100 - 100 g pieces,439,49,0,30,0,Confections,Heli SüÁEwaren GmbH & Co KG,Petra Winkler,Sales Manager
10284,97,LEHMS,4,1996-08-19,1996-09-16,1996-08-27,1,7656,44,155,21,0,Lehmanns Marktstand,Renate Messner,Sales Representative,Peacock,Margaret,Sales Representative,Gula Malacca,20,2,20 - 2 kg bags,1945,27,0,15,0,Condiments,Leka Trading,Chandra Leka,Owner
10284,98,LEHMS,4,1996-08-19,1996-09-16,1996-08-27,1,7656,60,272,20,25,Lehmanns Marktstand,Renate Messner,Sales Representative,Peacock,Margaret,Sales Representative,Camembert Pierrot,28,4,15 - 300 g rounds,34,19,0,0,0,Dairy Products,Gai pâturage,Eliane Noz,Sales Representative
10284,99,LEHMS,4,1996-08-19,1996-09-16,1996-08-27,1,7656,67,112,5,25,Lehmanns Marktstand,Renate Messner,Sales Representative,Peacock,Margaret,Sales Representative,Laughing Lumberjack Lager,16,1,24 - 12 oz bottles,14,52,0,10,0,Beverages,Bigfoot Breweries,Cheryl Saylor,Regional Account Rep
10285,100,QUICK,1,1996-08-20,1996-09-17,1996-08-26,2,7683,1,144,45,2,QUICK-Stop,Horst Kloss,Accounting Manager,Davolio,Nancy,Sales Representative,Chai,1,1,10 boxes x 20 bags,18,39,0,10,0,Beverages,Exotic Liquids,Charlotte Cooper,Purchasing Manager
10285,101,QUICK,1,1996-08-20,1996-09-17,1996-08-26,2,7683,40,147,40,2,QUICK-Stop,Horst Kloss,Accounting Manager,Davolio,Nancy,Sales Representative,Boston Crab Meat,19,8,24 - 4 oz tins,184,123,0,30,0,Seafood,New England Seafood Cannery,Robb Merchant,Wholesale Account Agent
10285,102,QUICK,1,1996-08-20,1996-09-17,1996-08-26,2,7683,53,262,36,2,QUICK-Stop,Horst Kloss,Accounting Manager,Davolio,Nancy,Sales Representative,Perth Pasties,24,6,48 pieces,328,0,0,0,1,Meat/Poultry,G'day, Mate,Wendy Mackenzie
10286,103,QUICK,8,1996-08-21,1996-09-18,1996-08-30,3,22924,35,144,100,0,QUICK-Stop,Horst Kloss,Accounting Manager,Callahan,Laura,Inside Sales Coordinator,Steeleye Stout,16,1,24 - 12 oz bottles,18,20,0,15,0,Beverages,Bigfoot Breweries,Cheryl Saylor,Regional Account Rep
10286,104,QUICK,8,1996-08-21,1996-09-18,1996-08-30,3,22924,62,394,40,0,QUICK-Stop,Horst Kloss,Accounting Manager,Callahan,Laura,Inside Sales Coordinator,Tarte au sucre,29,3,48 pies,493,17,0,0,0,Confections,Forêts d'érables,Chantal Goulet,Accounting Manager
10287,105,RICAR,8,1996-08-22,1996-09-19,1996-08-28,3,1276,16,139,40,15,Ricardo Adocicados,Janete Limeira,Assistant Sales Agent,Callahan,Laura,Inside Sales Coordinator,Pavlova,7,3,32 - 500 g boxes,1745,29,0,10,0,Confections,Pavlova, Ltd,Ian Devling
10287,106,RICAR,8,1996-08-22,1996-09-19,1996-08-28,3,1276,34,112,20,0,Ricardo Adocicados,Janete Limeira,Assistant Sales Agent,Callahan,Laura,Inside Sales Coordinator,Sasquatch Ale,16,1,24 - 12 oz bottles,14,111,0,15,0,Beverages,Bigfoot Breweries,Cheryl Saylor,Regional Account Rep
10287,107,RICAR,8,1996-08-22,1996-09-19,1996-08-28,3,1276,46,96,15,15,Ricardo Adocicados,Janete Limeira,Assistant Sales Agent,Callahan,Laura,Inside Sales Coordinator,Spegesild,21,8,4 - 450 g glasses,12,95,0,0,0,Seafood,Lyngbysild,Niels Petersen,Sales Manager
10288,108,REGGC,4,1996-08-23,1996-09-20,1996-09-03,1,745,54,59,10,1,Reggiani Caseifici,Maurizio Moroni,Sales Associate,Peacock,Margaret,Sales Representative,Tourtière,25,6,16 pies,745,21,0,10,0,Meat/Poultry,Ma Maison,Jean-Guy Lauzon,Marketing Manager
10288,109,REGGC,4,1996-08-23,1996-09-20,1996-09-03,1,745,68,10,3,1,Reggiani Caseifici,Maurizio Moroni,Sales Associate,Peacock,Margaret,Sales Representative,Scottish Longbreads,8,3,10 boxes x 8 pieces,125,6,10,15,0,Confections,Specialty Biscuits, Ltd,Peter Wilson
10289,110,BSBEV,7,1996-08-26,1996-09-23,1996-08-28,3,2277,3,8,30,0,B's Beverages,Victoria Ashworth,Sales Representative,King,Robert,Sales Representative,Aniseed Syrup,1,2,12 - 550 ml bottles,10,13,70,25,0,Condiments,Exotic Liquids,Charlotte Cooper,Purchasing Manager
10289,111,BSBEV,7,1996-08-26,1996-09-23,1996-08-28,3,2277,64,266,9,0,B's Beverages,Victoria Ashworth,Sales Representative,King,Robert,Sales Representative,Wimmers gute Semmelknödel,12,5,20 bags x 4 pieces,3325,22,80,30,0,Grains/Cereals,Plutzer LebensmittelgroÁEmärkte AG,Martin Bein,International Marketing Mgr
10290,112,COMMI,8,1996-08-27,1996-09-24,1996-09-03,1,797,5,17,20,0,Comércio Mineiro,Pedro Afonso,Sales Associate,Callahan,Laura,Inside Sales Coordinator,Chef Anton's Gumbo Mix,2,2,36 boxes,2135,0,0,0,1,Condiments,New Orleans Cajun Delights,Shelley Burke,Order Administrator
10290,113,COMMI,8,1996-08-27,1996-09-24,1996-09-03,1,797,29,99,15,0,Comércio Mineiro,Pedro Afonso,Sales Associate,Callahan,Laura,Inside Sales Coordinator,Thüringer Rostbratwurst,12,6,50 bags x 30 sausgs,12379,0,0,0,1,Meat/Poultry,Plutzer LebensmittelgroÁEmärkte AG,Martin Bein,International Marketing Mgr
10290,114,COMMI,8,1996-08-27,1996-09-24,1996-09-03,1,797,49,16,15,0,Comércio Mineiro,Pedro Afonso,Sales Associate,Callahan,Laura,Inside Sales Coordinator,Maxilaku,23,3,24 - 50 g pkgs,20,10,60,15,0,Confections,Karkki Oy,Anne Heikkonen,Product Manager
10290,115,COMMI,8,1996-08-27,1996-09-24,1996-09-03,1,797,77,104,10,0,Comércio Mineiro,Pedro Afonso,Sales Associate,Callahan,Laura,Inside Sales Coordinator,Original Frankfurter grüne SoÁEe,12,2,12 boxes,13,32,0,15,0,Condiments,Plutzer LebensmittelgroÁEmärkte AG,Martin Bein,International Marketing Mgr
10291,116,QUEDE,6,1996-08-27,1996-09-24,1996-09-04,2,64,13,48,20,1,Que Delícia,Bernardo Batista,Accounting Manager,Suyama,Michael,Sales Representative,Konbu,6,8,2 kg box,6,24,0,5,0,Seafood,Mayumi's,Mayumi Ohno,Marketing Representative
10291,117,QUEDE,6,1996-08-27,1996-09-24,1996-09-04,2,64,44,155,24,1,Que Delícia,Bernardo Batista,Accounting Manager,Suyama,Michael,Sales Representative,Gula Malacca,20,2,20 - 2 kg bags,1945,27,0,15,0,Condiments,Leka Trading,Chandra Leka,Owner
10291,118,QUEDE,6,1996-08-27,1996-09-24,1996-09-04,2,64,51,424,2,1,Que Delícia,Bernardo Batista,Accounting Manager,Suyama,Michael,Sales Representative,Manjimup Dried Apples,24,7,50 - 300 g pkgs,53,20,0,10,0,Produce,G'day, Mate,Wendy Mackenzie
10292,119,TRADH,1,1996-08-28,1996-09-25,1996-09-02,2,135,20,648,20,0,Tradição Hipermercados,Anabela Domingues,Sales Representative,Davolio,Nancy,Sales Representative,Sir Rodney's Marmalade,8,3,30 gift boxes,81,40,0,0,0,Confections,Specialty Biscuits, Ltd,Peter Wilson
10293,120,TORTU,1,1996-08-29,1996-09-26,1996-09-11,3,2118,18,50,12,0,Tortuga Restaurante,Miguel Angel Paolino,Owner,Davolio,Nancy,Sales Representative,Carnarvon Tigers,7,8,16 kg pkg,625,42,0,0,0,Seafood,Pavlova, Ltd,Ian Devling
10293,121,TORTU,1,1996-08-29,1996-09-26,1996-09-11,3,2118,24,36,10,0,Tortuga Restaurante,Miguel Angel Paolino,Owner,Davolio,Nancy,Sales Representative,Guaraná Fantástica,10,1,12 - 355 ml cans,45,20,0,0,1,Beverages,Refrescos Americanas LTDA,Carlos Diaz,Marketing Manager
10293,122,TORTU,1,1996-08-29,1996-09-26,1996-09-11,3,2118,63,351,5,0,Tortuga Restaurante,Miguel Angel Paolino,Owner,Davolio,Nancy,Sales Representative,Vegie-spread,7,2,15 - 625 g jars,439,24,0,5,0,Condiments,Pavlova, Ltd,Ian Devling
10293,123,TORTU,1,1996-08-29,1996-09-26,1996-09-11,3,2118,75,62,6,0,Tortuga Restaurante,Miguel Angel Paolino,Owner,Davolio,Nancy,Sales Representative,Rhönbräu Klosterbier,12,1,24 - 05 l bottles,775,125,0,25,0,Beverages,Plutzer LebensmittelgroÁEmärkte AG,Martin Bein,International Marketing Mgr
10294,124,RATTC,4,1996-08-30,1996-09-27,1996-09-05,2,14726,1,144,18,0,Rattlesnake Canyon Grocery,Paula Wilson,Assistant Sales Representative,Peacock,Margaret,Sales Representative,Chai,1,1,10 boxes x 20 bags,18,39,0,10,0,Beverages,Exotic Liquids,Charlotte Cooper,Purchasing Manager
10294,125,RATTC,4,1996-08-30,1996-09-27,1996-09-05,2,14726,17,312,15,0,Rattlesnake Canyon Grocery,Paula Wilson,Assistant Sales Representative,Peacock,Margaret,Sales Representative,Alice Mutton,7,6,20 - 1 kg tins,39,0,0,0,1,Meat/Poultry,Pavlova, Ltd,Ian Devling
10294,126,RATTC,4,1996-08-30,1996-09-27,1996-09-05,2,14726,43,368,15,0,Rattlesnake Canyon Grocery,Paula Wilson,Assistant Sales Representative,Peacock,Margaret,Sales Representative,Ipoh Coffee,20,1,16 - 500 g tins,46,17,10,25,0,Beverages,Leka Trading,Chandra Leka,Owner
10294,127,RATTC,4,1996-08-30,1996-09-27,1996-09-05,2,14726,60,272,21,0,Rattlesnake Canyon Grocery,Paula Wilson,Assistant Sales Representative,Peacock,Margaret,Sales Representative,Camembert Pierrot,28,4,15 - 300 g rounds,34,19,0,0,0,Dairy Products,Gai pâturage,Eliane Noz,Sales Representative
10294,128,RATTC,4,1996-08-30,1996-09-27,1996-09-05,2,14726,75,62,6,0,Rattlesnake Canyon Grocery,Paula Wilson,Assistant Sales Representative,Peacock,Margaret,Sales Representative,Rhönbräu Klosterbier,12,1,24 - 05 l bottles,775,125,0,25,0,Beverages,Plutzer LebensmittelgroÁEmärkte AG,Martin Bein,International Marketing Mgr
10295,129,VINET,2,1996-09-02,1996-09-30,1996-09-10,2,115,56,304,4,0,Vins et alcools Chevalier,Paul Henriot,Accounting Manager,Fuller,Andrew,Vice President  Sales,Gnocchi di nonna Alice,26,5,24 - 250 g pkgs,38,21,10,30,0,Grains/Cereals,Pasta Buttini srl,Giovanni Giudici,Order Administrator
10296,130,LILAS,6,1996-09-03,1996-10-01,1996-09-11,1,12,11,168,12,0,LILA-Supermercado,Carlos González,Accounting Manager,Suyama,Michael,Sales Representative,Queso Cabrales,5,4,1 kg pkg,21,22,30,30,0,Dairy Products,Cooperativa de Quesos 'Las Cabras',Antonio del Valle Saavedra,Export Administrator
10296,131,LILAS,6,1996-09-03,1996-10-01,1996-09-11,1,12,16,139,30,0,LILA-Supermercado,Carlos González,Accounting Manager,Suyama,Michael,Sales Representative,Pavlova,7,3,32 - 500 g boxes,1745,29,0,10,0,Confections,Pavlova, Ltd,Ian Devling
10296,132,LILAS,6,1996-09-03,1996-10-01,1996-09-11,1,12,69,288,15,0,LILA-Supermercado,Carlos González,Accounting Manager,Suyama,Michael,Sales Representative,Gudbrandsdalsost,15,4,10 kg pkg,36,26,0,15,0,Dairy Products,Norske Meierier,Beate Vileid,Marketing Manager
10297,133,BLONP,5,1996-09-04,1996-10-16,1996-09-10,2,574,39,144,60,0,Blondesddsl père et fils,Frédérique Citeaux,Marketing Manager,Buchanan,Steven,Sales Manager,Chartreuse verte,18,1,750 cc per bottle,18,69,0,5,0,Beverages,Aux joyeux ecclésiastiques,Guylène Nodier,Sales Manager
10297,134,BLONP,5,1996-09-04,1996-10-16,1996-09-10,2,574,72,278,20,0,Blondesddsl père et fils,Frédérique Citeaux,Marketing Manager,Buchanan,Steven,Sales Manager,Mozzarella di Giovanni,14,4,24 - 200 g pkgs,348,14,0,0,0,Dairy Products,Formaggi Fortini srl,Elio Rossi,Sales Representative
10298,135,HUNGO,6,1996-09-05,1996-10-03,1996-09-11,2,16822,2,152,40,0,Hungry Owl All-Night Grocers,Patricia McKenna,Sales Associate,Suyama,Michael,Sales Representative,Chang,1,1,24 - 12 oz bottles,19,17,40,25,0,Beverages,Exotic Liquids,Charlotte Cooper,Purchasing Manager
10298,136,HUNGO,6,1996-09-05,1996-10-03,1996-09-11,2,16822,36,152,40,25,Hungry Owl All-Night Grocers,Patricia McKenna,Sales Associate,Suyama,Michael,Sales Representative,Inlagd Sill,17,8,24 - 250 g  jars,19,112,0,20,0,Seafood,Svensk Sjöföda AB,Michael Björn,Sales Representative
10298,137,HUNGO,6,1996-09-05,1996-10-03,1996-09-11,2,16822,59,44,30,25,Hungry Owl All-Night Grocers,Patricia McKenna,Sales Associate,Suyama,Michael,Sales Representative,Raclette Courdavault,28,4,5 kg pkg,55,79,0,0,0,Dairy Products,Gai pâturage,Eliane Noz,Sales Representative
10298,138,HUNGO,6,1996-09-05,1996-10-03,1996-09-11,2,16822,62,394,15,0,Hungry Owl All-Night Grocers,Patricia McKenna,Sales Associate,Suyama,Michael,Sales Representative,Tarte au sucre,29,3,48 pies,493,17,0,0,0,Confections,Forêts d'érables,Chantal Goulet,Accounting Manager
10299,139,RICAR,4,1996-09-06,1996-10-04,1996-09-13,2,2976,19,73,15,0,Ricardo Adocicados,Janete Limeira,Assistant Sales Agent,Peacock,Margaret,Sales Representative,Teatime Chocolate Biscuits,8,3,10 boxes x 12 pieces,92,25,0,5,0,Confections,Specialty Biscuits, Ltd,Peter Wilson
10299,140,RICAR,4,1996-09-06,1996-10-04,1996-09-13,2,2976,70,12,20,0,Ricardo Adocicados,Janete Limeira,Assistant Sales Agent,Peacock,Margaret,Sales Representative,Outback Lager,7,1,24 - 355 ml bottles,15,15,10,30,0,Beverages,Pavlova, Ltd,Ian Devling
10300,141,MAGAA,2,1996-09-09,1996-10-07,1996-09-18,2,1768,66,136,30,0,Magazzini Alimentari Riuniti,Giovanni Rovelli,Marketing Manager,Fuller,Andrew,Vice President  Sales,Louisiana Hot Spiced Okra,2,2,24 - 8 oz jars,17,4,100,20,0,Condiments,New Orleans Cajun Delights,Shelley Burke,Order Administrator
10300,142,MAGAA,2,1996-09-09,1996-10-07,1996-09-18,2,1768,68,10,20,0,Magazzini Alimentari Riuniti,Giovanni Rovelli,Marketing Manager,Fuller,Andrew,Vice President  Sales,Scottish Longbreads,8,3,10 boxes x 8 pieces,125,6,10,15,0,Confections,Specialty Biscuits, Ltd,Peter Wilson
10301,143,WANDK,8,1996-09-09,1996-10-07,1996-09-17,2,4508,40,147,10,0,Die Wandernde Kuh,Rita Müller,Sales Representative,Callahan,Laura,Inside Sales Coordinator,Boston Crab Meat,19,8,24 - 4 oz tins,184,123,0,30,0,Seafood,New England Seafood Cannery,Robb Merchant,Wholesale Account Agent
10301,144,WANDK,8,1996-09-09,1996-10-07,1996-09-17,2,4508,56,304,20,0,Die Wandernde Kuh,Rita Müller,Sales Representative,Callahan,Laura,Inside Sales Coordinator,Gnocchi di nonna Alice,26,5,24 - 250 g pkgs,38,21,10,30,0,Grains/Cereals,Pasta Buttini srl,Giovanni Giudici,Order Administrator
10302,145,SUPRD,4,1996-09-10,1996-10-08,1996-10-09,2,627,17,312,40,0,Suprêmes délices,Pascale Cartrain,Accounting Manager,Peacock,Margaret,Sales Representative,Alice Mutton,7,6,20 - 1 kg tins,39,0,0,0,1,Meat/Poultry,Pavlova, Ltd,Ian Devling
10302,146,SUPRD,4,1996-09-10,1996-10-08,1996-10-09,2,627,28,364,28,0,Suprêmes délices,Pascale Cartrain,Accounting Manager,Peacock,Margaret,Sales Representative,Rössle Sauerkraut,12,7,25 - 825 g cans,456,26,0,0,1,Produce,Plutzer LebensmittelgroÁEmärkte AG,Martin Bein,International Marketing Mgr
10302,147,SUPRD,4,1996-09-10,1996-10-08,1996-10-09,2,627,43,368,12,0,Suprêmes délices,Pascale Cartrain,Accounting Manager,Peacock,Margaret,Sales Representative,Ipoh Coffee,20,1,16 - 500 g tins,46,17,10,25,0,Beverages,Leka Trading,Chandra Leka,Owner
10303,148,GODOS,7,1996-09-11,1996-10-09,1996-09-18,2,10783,40,147,40,1,Godos Cocina Típica,José Pedro Freyre,Sales Manager,King,Robert,Sales Representative,Boston Crab Meat,19,8,24 - 4 oz tins,184,123,0,30,0,Seafood,New England Seafood Cannery,Robb Merchant,Wholesale Account Agent
10303,149,GODOS,7,1996-09-11,1996-10-09,1996-09-18,2,10783,65,168,30,1,Godos Cocina Típica,José Pedro Freyre,Sales Manager,King,Robert,Sales Representative,Louisiana Fiery Hot Pepper Sauce,2,2,32 - 8 oz bottles,2105,76,0,0,0,Condiments,New Orleans Cajun Delights,Shelley Burke,Order Administrator
10303,150,GODOS,7,1996-09-11,1996-10-09,1996-09-18,2,10783,68,10,15,1,Godos Cocina Típica,José Pedro Freyre,Sales Manager,King,Robert,Sales Representative,Scottish Longbreads,8,3,10 boxes x 8 pieces,125,6,10,15,0,Confections,Specialty Biscuits, Ltd,Peter Wilson
10304,151,TORTU,1,1996-09-12,1996-10-10,1996-09-17,2,6379,49,16,30,0,Tortuga Restaurante,Miguel Angel Paolino,Owner,Davolio,Nancy,Sales Representative,Maxilaku,23,3,24 - 50 g pkgs,20,10,60,15,0,Confections,Karkki Oy,Anne Heikkonen,Product Manager
10304,152,TORTU,1,1996-09-12,1996-10-10,1996-09-17,2,6379,59,44,10,0,Tortuga Restaurante,Miguel Angel Paolino,Owner,Davolio,Nancy,Sales Representative,Raclette Courdavault,28,4,5 kg pkg,55,79,0,0,0,Dairy Products,Gai pâturage,Eliane Noz,Sales Representative
10304,153,TORTU,1,1996-09-12,1996-10-10,1996-09-17,2,6379,71,172,2,0,Tortuga Restaurante,Miguel Angel Paolino,Owner,Davolio,Nancy,Sales Representative,Flotemysost,15,4,10 - 500 g pkgs,215,26,0,0,0,Dairy Products,Norske Meierier,Beate Vileid,Marketing Manager
10305,154,OLDWO,8,1996-09-13,1996-10-11,1996-10-09,3,25762,18,50,25,1,Old World Delicatessen,Rene Phillips,Sales Representative,Callahan,Laura,Inside Sales Coordinator,Carnarvon Tigers,7,8,16 kg pkg,625,42,0,0,0,Seafood,Pavlova, Ltd,Ian Devling
10305,155,OLDWO,8,1996-09-13,1996-10-11,1996-10-09,3,25762,29,99,25,1,Old World Delicatessen,Rene Phillips,Sales Representative,Callahan,Laura,Inside Sales Coordinator,Thüringer Rostbratwurst,12,6,50 bags x 30 sausgs,12379,0,0,0,1,Meat/Poultry,Plutzer LebensmittelgroÁEmärkte AG,Martin Bein,International Marketing Mgr
10305,156,OLDWO,8,1996-09-13,1996-10-11,1996-10-09,3,25762,39,144,30,1,Old World Delicatessen,Rene Phillips,Sales Representative,Callahan,Laura,Inside Sales Coordinator,Chartreuse verte,18,1,750 cc per bottle,18,69,0,5,0,Beverages,Aux joyeux ecclésiastiques,Guylène Nodier,Sales Manager
10306,157,ROMEY,1,1996-09-16,1996-10-14,1996-09-23,3,756,30,207,10,0,Romero y tomillo,Alejandra Camino,Accounting Manager,Davolio,Nancy,Sales Representative,Nord-Ost Matjeshering,13,8,10 - 200 g glasses,2589,10,0,15,0,Seafood,Nord-Ost-Fisch Handelsgesellschaft mbH,Sven Petersen,Coordinator Foreign Markets
10306,158,ROMEY,1,1996-09-16,1996-10-14,1996-09-23,3,756,53,262,10,0,Romero y tomillo,Alejandra Camino,Accounting Manager,Davolio,Nancy,Sales Representative,Perth Pasties,24,6,48 pieces,328,0,0,0,1,Meat/Poultry,G'day, Mate,Wendy Mackenzie
10306,159,ROMEY,1,1996-09-16,1996-10-14,1996-09-23,3,756,54,59,5,0,Romero y tomillo,Alejandra Camino,Accounting Manager,Davolio,Nancy,Sales Representative,Tourtière,25,6,16 pies,745,21,0,10,0,Meat/Poultry,Ma Maison,Jean-Guy Lauzon,Marketing Manager
10307,160,LONEP,2,1996-09-17,1996-10-15,1996-09-25,2,56,62,394,10,0,Lonesome Pine Restaurant,Fran Wilson,Sales Manager,Fuller,Andrew,Vice President  Sales,Tarte au sucre,29,3,48 pies,493,17,0,0,0,Confections,Forêts d'érables,Chantal Goulet,Accounting Manager
10307,161,LONEP,2,1996-09-17,1996-10-15,1996-09-25,2,56,68,10,3,0,Lonesome Pine Restaurant,Fran Wilson,Sales Manager,Fuller,Andrew,Vice President  Sales,Scottish Longbreads,8,3,10 boxes x 8 pieces,125,6,10,15,0,Confections,Specialty Biscuits, Ltd,Peter Wilson
10308,162,ANATR,7,1996-09-18,1996-10-16,1996-09-24,3,161,69,288,1,0,Ana Trujillo Emparedados y helados,Ana Trujillo,Owner,King,Robert,Sales Representative,Gudbrandsdalsost,15,4,10 kg pkg,36,26,0,15,0,Dairy Products,Norske Meierier,Beate Vileid,Marketing Manager
10308,163,ANATR,7,1996-09-18,1996-10-16,1996-09-24,3,161,70,12,5,0,Ana Trujillo Emparedados y helados,Ana Trujillo,Owner,King,Robert,Sales Representative,Outback Lager,7,1,24 - 355 ml bottles,15,15,10,30,0,Beverages,Pavlova, Ltd,Ian Devling
10309,164,HUNGO,3,1996-09-19,1996-10-17,1996-10-23,1,473,4,176,20,0,Hungry Owl All-Night Grocers,Patricia McKenna,Sales Associate,Leverling,Janet,Sales Representative,Chef Anton's Cajun Seasoning,2,2,48 - 6 oz jars,22,53,0,0,0,Condiments,New Orleans Cajun Delights,Shelley Burke,Order Administrator
10309,165,HUNGO,3,1996-09-19,1996-10-17,1996-10-23,1,473,6,20,30,0,Hungry Owl All-Night Grocers,Patricia McKenna,Sales Associate,Leverling,Janet,Sales Representative,Grandma's Boysenberry Spread,3,2,12 - 8 oz jars,25,120,0,25,0,Condiments,Grandma Kelly's Homestead,Regina Murphy,Sales Representative
10309,166,HUNGO,3,1996-09-19,1996-10-17,1996-10-23,1,473,42,112,2,0,Hungry Owl All-Night Grocers,Patricia McKenna,Sales Associate,Leverling,Janet,Sales Representative,Singaporean Hokkien Fried Mee,20,5,32 - 1 kg pkgs,14,26,0,0,1,Grains/Cereals,Leka Trading,Chandra Leka,Owner
10309,167,HUNGO,3,1996-09-19,1996-10-17,1996-10-23,1,473,43,368,20,0,Hungry Owl All-Night Grocers,Patricia McKenna,Sales Associate,Leverling,Janet,Sales Representative,Ipoh Coffee,20,1,16 - 500 g tins,46,17,10,25,0,Beverages,Leka Trading,Chandra Leka,Owner
10309,168,HUNGO,3,1996-09-19,1996-10-17,1996-10-23,1,473,71,172,3,0,Hungry Owl All-Night Grocers,Patricia McKenna,Sales Associate,Leverling,Janet,Sales Representative,Flotemysost,15,4,10 - 500 g pkgs,215,26,0,0,0,Dairy Products,Norske Meierier,Beate Vileid,Marketing Manager
10310,169,THEBI,8,1996-09-20,1996-10-18,1996-09-27,2,1752,16,139,10,0,The Big Cheese,Liz Nixon,Marketing Manager,Callahan,Laura,Inside Sales Coordinator,Pavlova,7,3,32 - 500 g boxes,1745,29,0,10,0,Confections,Pavlova, Ltd,Ian Devling
10310,170,THEBI,8,1996-09-20,1996-10-18,1996-09-27,2,1752,62,394,5,0,The Big Cheese,Liz Nixon,Marketing Manager,Callahan,Laura,Inside Sales Coordinator,Tarte au sucre,29,3,48 pies,493,17,0,0,0,Confections,Forêts d'érables,Chantal Goulet,Accounting Manager
10311,171,DUMON,1,1996-09-20,1996-10-04,1996-09-26,3,2469,42,112,6,0,Du monde entier,Janine Labrune,Owner,Davolio,Nancy,Sales Representative,Singaporean Hokkien Fried Mee,20,5,32 - 1 kg pkgs,14,26,0,0,1,Grains/Cereals,Leka Trading,Chandra Leka,Owner
10311,172,DUMON,1,1996-09-20,1996-10-04,1996-09-26,3,2469,69,288,7,0,Du monde entier,Janine Labrune,Owner,Davolio,Nancy,Sales Representative,Gudbrandsdalsost,15,4,10 kg pkg,36,26,0,15,0,Dairy Products,Norske Meierier,Beate Vileid,Marketing Manager
10312,173,WANDK,2,1996-09-23,1996-10-21,1996-10-03,2,4026,28,364,4,0,Die Wandernde Kuh,Rita Müller,Sales Representative,Fuller,Andrew,Vice President  Sales,Rössle Sauerkraut,12,7,25 - 825 g cans,456,26,0,0,1,Produce,Plutzer LebensmittelgroÁEmärkte AG,Martin Bein,International Marketing Mgr
10312,174,WANDK,2,1996-09-23,1996-10-21,1996-10-03,2,4026,43,368,24,0,Die Wandernde Kuh,Rita Müller,Sales Representative,Fuller,Andrew,Vice President  Sales,Ipoh Coffee,20,1,16 - 500 g tins,46,17,10,25,0,Beverages,Leka Trading,Chandra Leka,Owner
10312,175,WANDK,2,1996-09-23,1996-10-21,1996-10-03,2,4026,53,262,20,0,Die Wandernde Kuh,Rita Müller,Sales Representative,Fuller,Andrew,Vice President  Sales,Perth Pasties,24,6,48 pieces,328,0,0,0,1,Meat/Poultry,G'day, Mate,Wendy Mackenzie
10312,176,WANDK,2,1996-09-23,1996-10-21,1996-10-03,2,4026,75,62,10,0,Die Wandernde Kuh,Rita Müller,Sales Representative,Fuller,Andrew,Vice President  Sales,Rhönbräu Klosterbier,12,1,24 - 05 l bottles,775,125,0,25,0,Beverages,Plutzer LebensmittelgroÁEmärkte AG,Martin Bein,International Marketing Mgr
10313,177,QUICK,2,1996-09-24,1996-10-22,1996-10-04,2,196,36,152,12,0,QUICK-Stop,Horst Kloss,Accounting Manager,Fuller,Andrew,Vice President  Sales,Inlagd Sill,17,8,24 - 250 g  jars,19,112,0,20,0,Seafood,Svensk Sjöföda AB,Michael Björn,Sales Representative
10314,178,RATTC,1,1996-09-25,1996-10-23,1996-10-04,2,7416,32,256,40,1,Rattlesnake Canyon Grocery,Paula Wilson,Assistant Sales Representative,Davolio,Nancy,Sales Representative,Mascarpone Fabioli,14,4,24 - 200 g pkgs,32,9,40,25,0,Dairy Products,Formaggi Fortini srl,Elio Rossi,Sales Representative
10314,179,RATTC,1,1996-09-25,1996-10-23,1996-10-04,2,7416,58,106,30,1,Rattlesnake Canyon Grocery,Paula Wilson,Assistant Sales Representative,Davolio,Nancy,Sales Representative,Escargots de Bourgogne,27,8,24 pieces,1325,62,0,20,0,Seafood,Escargots Nouveaux,Marie Delamare,Sales Manager
10314,180,RATTC,1,1996-09-25,1996-10-23,1996-10-04,2,7416,62,394,25,1,Rattlesnake Canyon Grocery,Paula Wilson,Assistant Sales Representative,Davolio,Nancy,Sales Representative,Tarte au sucre,29,3,48 pies,493,17,0,0,0,Confections,Forêts d'érables,Chantal Goulet,Accounting Manager
10315,181,ISLAT,4,1996-09-26,1996-10-24,1996-10-03,2,4176,34,112,14,0,Island Trading,Helen Bennett,Marketing Manager,Peacock,Margaret,Sales Representative,Sasquatch Ale,16,1,24 - 12 oz bottles,14,111,0,15,0,Beverages,Bigfoot Breweries,Cheryl Saylor,Regional Account Rep
10315,182,ISLAT,4,1996-09-26,1996-10-24,1996-10-03,2,4176,70,12,30,0,Island Trading,Helen Bennett,Marketing Manager,Peacock,Margaret,Sales Representative,Outback Lager,7,1,24 - 355 ml bottles,15,15,10,30,0,Beverages,Pavlova, Ltd,Ian Devling
10316,183,RATTC,1,1996-09-27,1996-10-25,1996-10-08,3,15015,41,77,10,0,Rattlesnake Canyon Grocery,Paula Wilson,Assistant Sales Representative,Davolio,Nancy,Sales Representative,Jack's New England Clam Chowder,19,8,12 - 12 oz cans,965,85,0,10,0,Seafood,New England Seafood Cannery,Robb Merchant,Wholesale Account Agent
10316,184,RATTC,1,1996-09-27,1996-10-25,1996-10-08,3,15015,62,394,70,0,Rattlesnake Canyon Grocery,Paula Wilson,Assistant Sales Representative,Davolio,Nancy,Sales Representative,Tarte au sucre,29,3,48 pies,493,17,0,0,0,Confections,Forêts d'érables,Chantal Goulet,Accounting Manager
10317,185,LONEP,6,1996-09-30,1996-10-28,1996-10-10,1,1269,1,144,20,0,Lonesome Pine Restaurant,Fran Wilson,Sales Manager,Suyama,Michael,Sales Representative,Chai,1,1,10 boxes x 20 bags,18,39,0,10,0,Beverages,Exotic Liquids,Charlotte Cooper,Purchasing Manager
10318,186,ISLAT,8,1996-10-01,1996-10-29,1996-10-04,2,473,41,77,20,0,Island Trading,Helen Bennett,Marketing Manager,Callahan,Laura,Inside Sales Coordinator,Jack's New England Clam Chowder,19,8,12 - 12 oz cans,965,85,0,10,0,Seafood,New England Seafood Cannery,Robb Merchant,Wholesale Account Agent
10318,187,ISLAT,8,1996-10-01,1996-10-29,1996-10-04,2,473,76,144,6,0,Island Trading,Helen Bennett,Marketing Manager,Callahan,Laura,Inside Sales Coordinator,Lakkalikööri,23,1,500 ml,18,57,0,20,0,Beverages,Karkki Oy,Anne Heikkonen,Product Manager
10319,188,TORTU,7,1996-10-02,1996-10-30,1996-10-11,3,645,17,312,8,0,Tortuga Restaurante,Miguel Angel Paolino,Owner,King,Robert,Sales Representative,Alice Mutton,7,6,20 - 1 kg tins,39,0,0,0,1,Meat/Poultry,Pavlova, Ltd,Ian Devling
10319,189,TORTU,7,1996-10-02,1996-10-30,1996-10-11,3,645,28,364,14,0,Tortuga Restaurante,Miguel Angel Paolino,Owner,King,Robert,Sales Representative,Rössle Sauerkraut,12,7,25 - 825 g cans,456,26,0,0,1,Produce,Plutzer LebensmittelgroÁEmärkte AG,Martin Bein,International Marketing Mgr
10319,190,TORTU,7,1996-10-02,1996-10-30,1996-10-11,3,645,76,144,30,0,Tortuga Restaurante,Miguel Angel Paolino,Owner,King,Robert,Sales Representative,Lakkalikööri,23,1,500 ml,18,57,0,20,0,Beverages,Karkki Oy,Anne Heikkonen,Product Manager
10320,191,WARTH,5,1996-10-03,1996-10-17,1996-10-18,3,3457,71,172,30,0,Wartian Herkku,Pirkko Koskitalo,Accounting Manager,Buchanan,Steven,Sales Manager,Flotemysost,15,4,10 - 500 g pkgs,215,26,0,0,0,Dairy Products,Norske Meierier,Beate Vileid,Marketing Manager
10321,192,ISLAT,3,1996-10-03,1996-10-31,1996-10-11,2,343,35,144,10,0,Island Trading,Helen Bennett,Marketing Manager,Leverling,Janet,Sales Representative,Steeleye Stout,16,1,24 - 12 oz bottles,18,20,0,15,0,Beverages,Bigfoot Breweries,Cheryl Saylor,Regional Account Rep
10322,193,PERIC,7,1996-10-04,1996-11-01,1996-10-23,3,4,52,56,20,0,Pericles Comidas clásicas,Guillermo Fernández,Sales Representative,King,Robert,Sales Representative,Filo Mix,24,5,16 - 2 kg boxes,7,38,0,25,0,Grains/Cereals,G'day, Mate,Wendy Mackenzie
10323,194,KOENE,4,1996-10-07,1996-11-04,1996-10-14,1,488,15,124,5,0,Königlich Essen,Philip Cramer,Sales Associate,Peacock,Margaret,Sales Representative,Genen Shouyu,6,2,24 - 250 ml bottles,155,39,0,5,0,Condiments,Mayumi's,Mayumi Ohno,Marketing Representative
10323,195,KOENE,4,1996-10-07,1996-11-04,1996-10-14,1,488,25,112,4,0,Königlich Essen,Philip Cramer,Sales Associate,Peacock,Margaret,Sales Representative,NuNuCa NuÁE-Nougat-Creme,11,3,20 - 450 g glasses,14,76,0,30,0,Confections,Heli SüÁEwaren GmbH & Co KG,Petra Winkler,Sales Manager
10323,196,KOENE,4,1996-10-07,1996-11-04,1996-10-14,1,488,39,144,4,0,Königlich Essen,Philip Cramer,Sales Associate,Peacock,Margaret,Sales Representative,Chartreuse verte,18,1,750 cc per bottle,18,69,0,5,0,Beverages,Aux joyeux ecclésiastiques,Guylène Nodier,Sales Manager
10324,197,SAVEA,9,1996-10-08,1996-11-05,1996-10-10,1,21427,16,139,21,15,Save-a-lot Markets,Jose Pavarotti,Sales Representative,Dodsworth,Anne,Sales Representative,Pavlova,7,3,32 - 500 g boxes,1745,29,0,10,0,Confections,Pavlova, Ltd,Ian Devling
10324,198,SAVEA,9,1996-10-08,1996-11-05,1996-10-10,1,21427,35,144,70,15,Save-a-lot Markets,Jose Pavarotti,Sales Representative,Dodsworth,Anne,Sales Representative,Steeleye Stout,16,1,24 - 12 oz bottles,18,20,0,15,0,Beverages,Bigfoot Breweries,Cheryl Saylor,Regional Account Rep
10324,199,SAVEA,9,1996-10-08,1996-11-05,1996-10-10,1,21427,46,96,30,0,Save-a-lot Markets,Jose Pavarotti,Sales Representative,Dodsworth,Anne,Sales Representative,Spegesild,21,8,4 - 450 g glasses,12,95,0,0,0,Seafood,Lyngbysild,Niels Petersen,Sales Manager
10324,200,SAVEA,9,1996-10-08,1996-11-05,1996-10-10,1,21427,59,44,40,15,Save-a-lot Markets,Jose Pavarotti,Sales Representative,Dodsworth,Anne,Sales Representative,Raclette Courdavault,28,4,5 kg pkg,55,79,0,0,0,Dairy Products,Gai pâturage,Eliane Noz,Sales Representative
10324,201,SAVEA,9,1996-10-08,1996-11-05,1996-10-10,1,21427,63,351,80,15,Save-a-lot Markets,Jose Pavarotti,Sales Representative,Dodsworth,Anne,Sales Representative,Vegie-spread,7,2,15 - 625 g jars,439,24,0,5,0,Condiments,Pavlova, Ltd,Ian Devling
10325,202,KOENE,1,1996-10-09,1996-10-23,1996-10-14,3,6486,6,20,6,0,Königlich Essen,Philip Cramer,Sales Associate,Davolio,Nancy,Sales Representative,Grandma's Boysenberry Spread,3,2,12 - 8 oz jars,25,120,0,25,0,Condiments,Grandma Kelly's Homestead,Regina Murphy,Sales Representative
10325,203,KOENE,1,1996-10-09,1996-10-23,1996-10-14,3,6486,13,48,12,0,Königlich Essen,Philip Cramer,Sales Associate,Davolio,Nancy,Sales Representative,Konbu,6,8,2 kg box,6,24,0,5,0,Seafood,Mayumi's,Mayumi Ohno,Marketing Representative
10325,204,KOENE,1,1996-10-09,1996-10-23,1996-10-14,3,6486,14,186,9,0,Königlich Essen,Philip Cramer,Sales Associate,Davolio,Nancy,Sales Representative,Tofu,6,7,40 - 100 g pkgs,2325,35,0,0,0,Produce,Mayumi's,Mayumi Ohno,Marketing Representative
10325,205,KOENE,1,1996-10-09,1996-10-23,1996-10-14,3,6486,31,10,4,0,Königlich Essen,Philip Cramer,Sales Associate,Davolio,Nancy,Sales Representative,Gorgonzola Telino,14,4,12 - 100 g pkgs,125,0,70,20,0,Dairy Products,Formaggi Fortini srl,Elio Rossi,Sales Representative
10325,206,KOENE,1,1996-10-09,1996-10-23,1996-10-14,3,6486,72,278,40,0,Königlich Essen,Philip Cramer,Sales Associate,Davolio,Nancy,Sales Representative,Mozzarella di Giovanni,14,4,24 - 200 g pkgs,348,14,0,0,0,Dairy Products,Formaggi Fortini srl,Elio Rossi,Sales Representative
10326,207,BOLID,4,1996-10-10,1996-11-07,1996-10-14,2,7792,4,176,24,0,Bólido Comidas preparadas,Martín Sommer,Owner,Peacock,Margaret,Sales Representative,Chef Anton's Cajun Seasoning,2,2,48 - 6 oz jars,22,53,0,0,0,Condiments,New Orleans Cajun Delights,Shelley Burke,Order Administrator
10326,208,BOLID,4,1996-10-10,1996-11-07,1996-10-14,2,7792,57,156,16,0,Bólido Comidas preparadas,Martín Sommer,Owner,Peacock,Margaret,Sales Representative,Ravioli Angelo,26,5,24 - 250 g pkgs,195,36,0,20,0,Grains/Cereals,Pasta Buttini srl,Giovanni Giudici,Order Administrator
10326,209,BOLID,4,1996-10-10,1996-11-07,1996-10-14,2,7792,75,62,50,0,Bólido Comidas preparadas,Martín Sommer,Owner,Peacock,Margaret,Sales Representative,Rhönbräu Klosterbier,12,1,24 - 05 l bottles,775,125,0,25,0,Beverages,Plutzer LebensmittelgroÁEmärkte AG,Martin Bein,International Marketing Mgr
10327,210,FOLKO,2,1996-10-11,1996-11-08,1996-10-14,1,6336,2,152,25,2,Folk och fä HB,Maria Larsson,Owner,Fuller,Andrew,Vice President  Sales,Chang,1,1,24 - 12 oz bottles,19,17,40,25,0,Beverages,Exotic Liquids,Charlotte Cooper,Purchasing Manager
10327,211,FOLKO,2,1996-10-11,1996-11-08,1996-10-14,1,6336,11,168,50,2,Folk och fä HB,Maria Larsson,Owner,Fuller,Andrew,Vice President  Sales,Queso Cabrales,5,4,1 kg pkg,21,22,30,30,0,Dairy Products,Cooperativa de Quesos 'Las Cabras',Antonio del Valle Saavedra,Export Administrator
10327,212,FOLKO,2,1996-10-11,1996-11-08,1996-10-14,1,6336,30,207,35,2,Folk och fä HB,Maria Larsson,Owner,Fuller,Andrew,Vice President  Sales,Nord-Ost Matjeshering,13,8,10 - 200 g glasses,2589,10,0,15,0,Seafood,Nord-Ost-Fisch Handelsgesellschaft mbH,Sven Petersen,Coordinator Foreign Markets
10327,213,FOLKO,2,1996-10-11,1996-11-08,1996-10-14,1,6336,58,106,30,2,Folk och fä HB,Maria Larsson,Owner,Fuller,Andrew,Vice President  Sales,Escargots de Bourgogne,27,8,24 pieces,1325,62,0,20,0,Seafood,Escargots Nouveaux,Marie Delamare,Sales Manager
10328,214,FURIB,4,1996-10-14,1996-11-11,1996-10-17,3,8703,59,44,9,0,Furia Bacalhau e Frutos do Mar,Lino Rodriguez,Sales Manager,Peacock,Margaret,Sales Representative,Raclette Courdavault,28,4,5 kg pkg,55,79,0,0,0,Dairy Products,Gai pâturage,Eliane Noz,Sales Representative
10328,215,FURIB,4,1996-10-14,1996-11-11,1996-10-17,3,8703,65,168,40,0,Furia Bacalhau e Frutos do Mar,Lino Rodriguez,Sales Manager,Peacock,Margaret,Sales Representative,Louisiana Fiery Hot Pepper Sauce,2,2,32 - 8 oz bottles,2105,76,0,0,0,Condiments,New Orleans Cajun Delights,Shelley Burke,Order Administrator
10328,216,FURIB,4,1996-10-14,1996-11-11,1996-10-17,3,8703,68,10,10,0,Furia Bacalhau e Frutos do Mar,Lino Rodriguez,Sales Manager,Peacock,Margaret,Sales Representative,Scottish Longbreads,8,3,10 boxes x 8 pieces,125,6,10,15,0,Confections,Specialty Biscuits, Ltd,Peter Wilson
10329,217,SPLIR,4,1996-10-15,1996-11-26,1996-10-23,2,19167,19,73,10,5,Split Rail Beer & Ale,Art Braunschweiger,Sales Manager,Peacock,Margaret,Sales Representative,Teatime Chocolate Biscuits,8,3,10 boxes x 12 pieces,92,25,0,5,0,Confections,Specialty Biscuits, Ltd,Peter Wilson
10329,218,SPLIR,4,1996-10-15,1996-11-26,1996-10-23,2,19167,30,207,8,5,Split Rail Beer & Ale,Art Braunschweiger,Sales Manager,Peacock,Margaret,Sales Representative,Nord-Ost Matjeshering,13,8,10 - 200 g glasses,2589,10,0,15,0,Seafood,Nord-Ost-Fisch Handelsgesellschaft mbH,Sven Petersen,Coordinator Foreign Markets
10329,219,SPLIR,4,1996-10-15,1996-11-26,1996-10-23,2,19167,38,2108,20,5,Split Rail Beer & Ale,Art Braunschweiger,Sales Manager,Peacock,Margaret,Sales Representative,Côte de Blaye,18,1,12 - 75 cl bottles,2635,17,0,15,0,Beverages,Aux joyeux ecclésiastiques,Guylène Nodier,Sales Manager
10329,220,SPLIR,4,1996-10-15,1996-11-26,1996-10-23,2,19167,56,304,12,5,Split Rail Beer & Ale,Art Braunschweiger,Sales Manager,Peacock,Margaret,Sales Representative,Gnocchi di nonna Alice,26,5,24 - 250 g pkgs,38,21,10,30,0,Grains/Cereals,Pasta Buttini srl,Giovanni Giudici,Order Administrator
10330,221,LILAS,3,1996-10-16,1996-11-13,1996-10-28,1,1275,26,249,50,15,LILA-Supermercado,Carlos González,Accounting Manager,Leverling,Janet,Sales Representative,Gumbär Gummibärchen,11,3,100 - 250 g bags,3123,15,0,0,0,Confections,Heli SüÁEwaren GmbH & Co KG,Petra Winkler,Sales Manager
10330,222,LILAS,3,1996-10-16,1996-11-13,1996-10-28,1,1275,72,278,25,15,LILA-Supermercado,Carlos González,Accounting Manager,Leverling,Janet,Sales Representative,Mozzarella di Giovanni,14,4,24 - 200 g pkgs,348,14,0,0,0,Dairy Products,Formaggi Fortini srl,Elio Rossi,Sales Representative
10331,223,BONAP,9,1996-10-16,1996-11-27,1996-10-21,1,1019,54,59,15,0,Bon app',Laurence Lebihan,Owner,Dodsworth,Anne,Sales Representative,Tourtière,25,6,16 pies,745,21,0,10,0,Meat/Poultry,Ma Maison,Jean-Guy Lauzon,Marketing Manager
10332,224,MEREP,3,1996-10-17,1996-11-28,1996-10-21,2,5284,18,50,40,2,Mère Paillarde,Jean Fresnière,Marketing Assistant,Leverling,Janet,Sales Representative,Carnarvon Tigers,7,8,16 kg pkg,625,42,0,0,0,Seafood,Pavlova, Ltd,Ian Devling
10332,225,MEREP,3,1996-10-17,1996-11-28,1996-10-21,2,5284,42,112,10,2,Mère Paillarde,Jean Fresnière,Marketing Assistant,Leverling,Janet,Sales Representative,Singaporean Hokkien Fried Mee,20,5,32 - 1 kg pkgs,14,26,0,0,1,Grains/Cereals,Leka Trading,Chandra Leka,Owner
10332,226,MEREP,3,1996-10-17,1996-11-28,1996-10-21,2,5284,47,76,16,2,Mère Paillarde,Jean Fresnière,Marketing Assistant,Leverling,Janet,Sales Representative,Zaanse koeken,22,3,10 - 4 oz boxes,95,36,0,0,0,Confections,Zaanse Snoepfabriek,Dirk Luchte,Accounting Manager
10333,227,WARTH,5,1996-10-18,1996-11-15,1996-10-25,3,59,14,186,10,0,Wartian Herkku,Pirkko Koskitalo,Accounting Manager,Buchanan,Steven,Sales Manager,Tofu,6,7,40 - 100 g pkgs,2325,35,0,0,0,Produce,Mayumi's,Mayumi Ohno,Marketing Representative
10333,228,WARTH,5,1996-10-18,1996-11-15,1996-10-25,3,59,21,8,10,1,Wartian Herkku,Pirkko Koskitalo,Accounting Manager,Buchanan,Steven,Sales Manager,Sir Rodney's Scones,8,3,24 pkgs x 4 pieces,10,3,40,5,0,Confections,Specialty Biscuits, Ltd,Peter Wilson
10333,229,WARTH,5,1996-10-18,1996-11-15,1996-10-25,3,59,71,172,40,1,Wartian Herkku,Pirkko Koskitalo,Accounting Manager,Buchanan,Steven,Sales Manager,Flotemysost,15,4,10 - 500 g pkgs,215,26,0,0,0,Dairy Products,Norske Meierier,Beate Vileid,Marketing Manager
10334,230,VICTE,8,1996-10-21,1996-11-18,1996-10-28,2,856,52,56,8,0,Victuailles en stock,Mary Saveley,Sales Agent,Callahan,Laura,Inside Sales Coordinator,Filo Mix,24,5,16 - 2 kg boxes,7,38,0,25,0,Grains/Cereals,G'day, Mate,Wendy Mackenzie
10334,231,VICTE,8,1996-10-21,1996-11-18,1996-10-28,2,856,68,10,10,0,Victuailles en stock,Mary Saveley,Sales Agent,Callahan,Laura,Inside Sales Coordinator,Scottish Longbreads,8,3,10 boxes x 8 pieces,125,6,10,15,0,Confections,Specialty Biscuits, Ltd,Peter Wilson
10335,232,HUNGO,7,1996-10-22,1996-11-19,1996-10-24,2,4211,2,152,7,2,Hungry Owl All-Night Grocers,Patricia McKenna,Sales Associate,King,Robert,Sales Representative,Chang,1,1,24 - 12 oz bottles,19,17,40,25,0,Beverages,Exotic Liquids,Charlotte Cooper,Purchasing Manager
10335,233,HUNGO,7,1996-10-22,1996-11-19,1996-10-24,2,4211,31,10,25,2,Hungry Owl All-Night Grocers,Patricia McKenna,Sales Associate,King,Robert,Sales Representative,Gorgonzola Telino,14,4,12 - 100 g pkgs,125,0,70,20,0,Dairy Products,Formaggi Fortini srl,Elio Rossi,Sales Representative
10335,234,HUNGO,7,1996-10-22,1996-11-19,1996-10-24,2,4211,32,256,6,2,Hungry Owl All-Night Grocers,Patricia McKenna,Sales Associate,King,Robert,Sales Representative,Mascarpone Fabioli,14,4,24 - 200 g pkgs,32,9,40,25,0,Dairy Products,Formaggi Fortini srl,Elio Rossi,Sales Representative
10335,235,HUNGO,7,1996-10-22,1996-11-19,1996-10-24,2,4211,51,424,48,2,Hungry Owl All-Night Grocers,Patricia McKenna,Sales Associate,King,Robert,Sales Representative,Manjimup Dried Apples,24,7,50 - 300 g pkgs,53,20,0,10,0,Produce,G'day, Mate,Wendy Mackenzie
10336,236,PRINI,7,1996-10-23,1996-11-20,1996-10-25,2,1551,4,176,18,1,Princesa Isabel Vinhos,Isabel de Castro,Sales Representative,King,Robert,Sales Representative,Chef Anton's Cajun Seasoning,2,2,48 - 6 oz jars,22,53,0,0,0,Condiments,New Orleans Cajun Delights,Shelley Burke,Order Administrator
10337,237,FRANK,4,1996-10-24,1996-11-21,1996-10-29,3,10826,23,72,40,0,Frankenversand,Peter Franken,Marketing Manager,Peacock,Margaret,Sales Representative,Tunnbröd,9,5,12 - 250 g pkgs,9,61,0,25,0,Grains/Cereals,PB Knäckebröd AB,Lars Peterson,Sales Agent
10337,238,FRANK,4,1996-10-24,1996-11-21,1996-10-29,3,10826,26,249,24,0,Frankenversand,Peter Franken,Marketing Manager,Peacock,Margaret,Sales Representative,Gumbär Gummibärchen,11,3,100 - 250 g bags,3123,15,0,0,0,Confections,Heli SüÁEwaren GmbH & Co KG,Petra Winkler,Sales Manager
10337,239,FRANK,4,1996-10-24,1996-11-21,1996-10-29,3,10826,36,152,20,0,Frankenversand,Peter Franken,Marketing Manager,Peacock,Margaret,Sales Representative,Inlagd Sill,17,8,24 - 250 g  jars,19,112,0,20,0,Seafood,Svensk Sjöföda AB,Michael Björn,Sales Representative
10337,240,FRANK,4,1996-10-24,1996-11-21,1996-10-29,3,10826,37,208,28,0,Frankenversand,Peter Franken,Marketing Manager,Peacock,Margaret,Sales Representative,Gravad lax,17,8,12 - 500 g pkgs,26,11,50,25,0,Seafood,Svensk Sjöföda AB,Michael Björn,Sales Representative
10337,241,FRANK,4,1996-10-24,1996-11-21,1996-10-29,3,10826,72,278,25,0,Frankenversand,Peter Franken,Marketing Manager,Peacock,Margaret,Sales Representative,Mozzarella di Giovanni,14,4,24 - 200 g pkgs,348,14,0,0,0,Dairy Products,Formaggi Fortini srl,Elio Rossi,Sales Representative
10338,242,OLDWO,4,1996-10-25,1996-11-22,1996-10-29,3,8421,17,312,20,0,Old World Delicatessen,Rene Phillips,Sales Representative,Peacock,Margaret,Sales Representative,Alice Mutton,7,6,20 - 1 kg tins,39,0,0,0,1,Meat/Poultry,Pavlova, Ltd,Ian Devling
10338,243,OLDWO,4,1996-10-25,1996-11-22,1996-10-29,3,8421,30,207,15,0,Old World Delicatessen,Rene Phillips,Sales Representative,Peacock,Margaret,Sales Representative,Nord-Ost Matjeshering,13,8,10 - 200 g glasses,2589,10,0,15,0,Seafood,Nord-Ost-Fisch Handelsgesellschaft mbH,Sven Petersen,Coordinator Foreign Markets
10339,244,MEREP,2,1996-10-28,1996-11-25,1996-11-04,2,1566,4,176,10,0,Mère Paillarde,Jean Fresnière,Marketing Assistant,Fuller,Andrew,Vice President  Sales,Chef Anton's Cajun Seasoning,2,2,48 - 6 oz jars,22,53,0,0,0,Condiments,New Orleans Cajun Delights,Shelley Burke,Order Administrator
10339,245,MEREP,2,1996-10-28,1996-11-25,1996-11-04,2,1566,17,312,70,5,Mère Paillarde,Jean Fresnière,Marketing Assistant,Fuller,Andrew,Vice President  Sales,Alice Mutton,7,6,20 - 1 kg tins,39,0,0,0,1,Meat/Poultry,Pavlova, Ltd,Ian Devling
10339,246,MEREP,2,1996-10-28,1996-11-25,1996-11-04,2,1566,62,394,28,0,Mère Paillarde,Jean Fresnière,Marketing Assistant,Fuller,Andrew,Vice President  Sales,Tarte au sucre,29,3,48 pies,493,17,0,0,0,Confections,Forêts d'érables,Chantal Goulet,Accounting Manager
10340,247,BONAP,1,1996-10-29,1996-11-26,1996-11-08,3,16631,18,50,20,5,Bon app',Laurence Lebihan,Owner,Davolio,Nancy,Sales Representative,Carnarvon Tigers,7,8,16 kg pkg,625,42,0,0,0,Seafood,Pavlova, Ltd,Ian Devling
10340,248,BONAP,1,1996-10-29,1996-11-26,1996-11-08,3,16631,41,77,12,5,Bon app',Laurence Lebihan,Owner,Davolio,Nancy,Sales Representative,Jack's New England Clam Chowder,19,8,12 - 12 oz cans,965,85,0,10,0,Seafood,New England Seafood Cannery,Robb Merchant,Wholesale Account Agent
10340,249,BONAP,1,1996-10-29,1996-11-26,1996-11-08,3,16631,43,368,40,5,Bon app',Laurence Lebihan,Owner,Davolio,Nancy,Sales Representative,Ipoh Coffee,20,1,16 - 500 g tins,46,17,10,25,0,Beverages,Leka Trading,Chandra Leka,Owner
10341,250,SIMOB,7,1996-10-29,1996-11-26,1996-11-05,3,2678,33,2,8,0,Simons bistro,Jytte Petersen,Owner,King,Robert,Sales Representative,Geitost,15,4,500 g,25,112,0,20,0,Dairy Products,Norske Meierier,Beate Vileid,Marketing Manager
10341,251,SIMOB,7,1996-10-29,1996-11-26,1996-11-05,3,2678,59,44,9,15,Simons bistro,Jytte Petersen,Owner,King,Robert,Sales Representative,Raclette Courdavault,28,4,5 kg pkg,55,79,0,0,0,Dairy Products,Gai pâturage,Eliane Noz,Sales Representative
10342,252,FRANK,4,1996-10-30,1996-11-13,1996-11-04,2,5483,2,152,24,2,Frankenversand,Peter Franken,Marketing Manager,Peacock,Margaret,Sales Representative,Chang,1,1,24 - 12 oz bottles,19,17,40,25,0,Beverages,Exotic Liquids,Charlotte Cooper,Purchasing Manager
10342,253,FRANK,4,1996-10-30,1996-11-13,1996-11-04,2,5483,31,10,56,2,Frankenversand,Peter Franken,Marketing Manager,Peacock,Margaret,Sales Representative,Gorgonzola Telino,14,4,12 - 100 g pkgs,125,0,70,20,0,Dairy Products,Formaggi Fortini srl,Elio Rossi,Sales Representative
10342,254,FRANK,4,1996-10-30,1996-11-13,1996-11-04,2,5483,36,152,40,2,Frankenversand,Peter Franken,Marketing Manager,Peacock,Margaret,Sales Representative,Inlagd Sill,17,8,24 - 250 g  jars,19,112,0,20,0,Seafood,Svensk Sjöföda AB,Michael Björn,Sales Representative
10342,255,FRANK,4,1996-10-30,1996-11-13,1996-11-04,2,5483,55,192,40,2,Frankenversand,Peter Franken,Marketing Manager,Peacock,Margaret,Sales Representative,Pâté chinois,25,6,24 boxes x 2 pies,24,115,0,20,0,Meat/Poultry,Ma Maison,Jean-Guy Lauzon,Marketing Manager
10343,256,LEHMS,4,1996-10-31,1996-11-28,1996-11-06,1,11037,64,266,50,0,Lehmanns Marktstand,Renate Messner,Sales Representative,Peacock,Margaret,Sales Representative,Wimmers gute Semmelknödel,12,5,20 bags x 4 pieces,3325,22,80,30,0,Grains/Cereals,Plutzer LebensmittelgroÁEmärkte AG,Martin Bein,International Marketing Mgr
10343,257,LEHMS,4,1996-10-31,1996-11-28,1996-11-06,1,11037,68,10,4,5,Lehmanns Marktstand,Renate Messner,Sales Representative,Peacock,Margaret,Sales Representative,Scottish Longbreads,8,3,10 boxes x 8 pieces,125,6,10,15,0,Confections,Specialty Biscuits, Ltd,Peter Wilson
10343,258,LEHMS,4,1996-10-31,1996-11-28,1996-11-06,1,11037,76,144,15,0,Lehmanns Marktstand,Renate Messner,Sales Representative,Peacock,Margaret,Sales Representative,Lakkalikööri,23,1,500 ml,18,57,0,20,0,Beverages,Karkki Oy,Anne Heikkonen,Product Manager
10344,259,WHITC,4,1996-11-01,1996-11-29,1996-11-05,2,2329,4,176,35,0,White Clover Markets,Karl Jablonski,Owner,Peacock,Margaret,Sales Representative,Chef Anton's Cajun Seasoning,2,2,48 - 6 oz jars,22,53,0,0,0,Condiments,New Orleans Cajun Delights,Shelley Burke,Order Administrator
10344,260,WHITC,4,1996-11-01,1996-11-29,1996-11-05,2,2329,8,32,70,25,White Clover Markets,Karl Jablonski,Owner,Peacock,Margaret,Sales Representative,Northwoods Cranberry Sauce,3,2,12 - 12 oz jars,40,6,0,0,0,Condiments,Grandma Kelly's Homestead,Regina Murphy,Sales Representative
10345,261,QUICK,2,1996-11-04,1996-12-02,1996-11-11,2,24906,8,32,70,0,QUICK-Stop,Horst Kloss,Accounting Manager,Fuller,Andrew,Vice President  Sales,Northwoods Cranberry Sauce,3,2,12 - 12 oz jars,40,6,0,0,0,Condiments,Grandma Kelly's Homestead,Regina Murphy,Sales Representative
10345,262,QUICK,2,1996-11-04,1996-12-02,1996-11-11,2,24906,19,73,80,0,QUICK-Stop,Horst Kloss,Accounting Manager,Fuller,Andrew,Vice President  Sales,Teatime Chocolate Biscuits,8,3,10 boxes x 12 pieces,92,25,0,5,0,Confections,Specialty Biscuits, Ltd,Peter Wilson
10345,263,QUICK,2,1996-11-04,1996-12-02,1996-11-11,2,24906,42,112,9,0,QUICK-Stop,Horst Kloss,Accounting Manager,Fuller,Andrew,Vice President  Sales,Singaporean Hokkien Fried Mee,20,5,32 - 1 kg pkgs,14,26,0,0,1,Grains/Cereals,Leka Trading,Chandra Leka,Owner
10346,264,RATTC,3,1996-11-05,1996-12-17,1996-11-08,3,14208,17,312,36,1,Rattlesnake Canyon Grocery,Paula Wilson,Assistant Sales Representative,Leverling,Janet,Sales Representative,Alice Mutton,7,6,20 - 1 kg tins,39,0,0,0,1,Meat/Poultry,Pavlova, Ltd,Ian Devling
10346,265,RATTC,3,1996-11-05,1996-12-17,1996-11-08,3,14208,56,304,20,0,Rattlesnake Canyon Grocery,Paula Wilson,Assistant Sales Representative,Leverling,Janet,Sales Representative,Gnocchi di nonna Alice,26,5,24 - 250 g pkgs,38,21,10,30,0,Grains/Cereals,Pasta Buttini srl,Giovanni Giudici,Order Administrator
10347,266,FAMIA,4,1996-11-06,1996-12-04,1996-11-08,3,31,25,112,10,0,Familia Arquibaldo,Aria Cruz,Marketing Assistant,Peacock,Margaret,Sales Representative,NuNuCa NuÁE-Nougat-Creme,11,3,20 - 450 g glasses,14,76,0,30,0,Confections,Heli SüÁEwaren GmbH & Co KG,Petra Winkler,Sales Manager
10347,267,FAMIA,4,1996-11-06,1996-12-04,1996-11-08,3,31,39,144,50,15,Familia Arquibaldo,Aria Cruz,Marketing Assistant,Peacock,Margaret,Sales Representative,Chartreuse verte,18,1,750 cc per bottle,18,69,0,5,0,Beverages,Aux joyeux ecclésiastiques,Guylène Nodier,Sales Manager
10347,268,FAMIA,4,1996-11-06,1996-12-04,1996-11-08,3,31,40,147,4,0,Familia Arquibaldo,Aria Cruz,Marketing Assistant,Peacock,Margaret,Sales Representative,Boston Crab Meat,19,8,24 - 4 oz tins,184,123,0,30,0,Seafood,New England Seafood Cannery,Robb Merchant,Wholesale Account Agent
10347,269,FAMIA,4,1996-11-06,1996-12-04,1996-11-08,3,31,75,62,6,15,Familia Arquibaldo,Aria Cruz,Marketing Assistant,Peacock,Margaret,Sales Representative,Rhönbräu Klosterbier,12,1,24 - 05 l bottles,775,125,0,25,0,Beverages,Plutzer LebensmittelgroÁEmärkte AG,Martin Bein,International Marketing Mgr
10348,270,WANDK,4,1996-11-07,1996-12-05,1996-11-15,2,78,1,144,15,15,Die Wandernde Kuh,Rita Müller,Sales Representative,Peacock,Margaret,Sales Representative,Chai,1,1,10 boxes x 20 bags,18,39,0,10,0,Beverages,Exotic Liquids,Charlotte Cooper,Purchasing Manager
10348,271,WANDK,4,1996-11-07,1996-12-05,1996-11-15,2,78,23,72,25,0,Die Wandernde Kuh,Rita Müller,Sales Representative,Peacock,Margaret,Sales Representative,Tunnbröd,9,5,12 - 250 g pkgs,9,61,0,25,0,Grains/Cereals,PB Knäckebröd AB,Lars Peterson,Sales Agent
10349,272,SPLIR,7,1996-11-08,1996-12-06,1996-11-15,1,863,54,59,24,0,Split Rail Beer & Ale,Art Braunschweiger,Sales Manager,King,Robert,Sales Representative,Tourtière,25,6,16 pies,745,21,0,10,0,Meat/Poultry,Ma Maison,Jean-Guy Lauzon,Marketing Manager
10350,273,LAMAI,6,1996-11-11,1996-12-09,1996-12-03,2,6419,50,13,15,1,La maison d'Asie,Annette Roulet,Sales Manager,Suyama,Michael,Sales Representative,Valkoinen suklaa,23,3,12 - 100 g bars,1625,65,0,30,0,Confections,Karkki Oy,Anne Heikkonen,Product Manager
10350,274,LAMAI,6,1996-11-11,1996-12-09,1996-12-03,2,6419,69,288,18,1,La maison d'Asie,Annette Roulet,Sales Manager,Suyama,Michael,Sales Representative,Gudbrandsdalsost,15,4,10 kg pkg,36,26,0,15,0,Dairy Products,Norske Meierier,Beate Vileid,Marketing Manager
10351,275,ERNSH,1,1996-11-11,1996-12-09,1996-11-20,1,16233,38,2108,20,5,Ernst Handel,Roland Mendel,Sales Manager,Davolio,Nancy,Sales Representative,Côte de Blaye,18,1,12 - 75 cl bottles,2635,17,0,15,0,Beverages,Aux joyeux ecclésiastiques,Guylène Nodier,Sales Manager
10351,276,ERNSH,1,1996-11-11,1996-12-09,1996-11-20,1,16233,41,77,13,0,Ernst Handel,Roland Mendel,Sales Manager,Davolio,Nancy,Sales Representative,Jack's New England Clam Chowder,19,8,12 - 12 oz cans,965,85,0,10,0,Seafood,New England Seafood Cannery,Robb Merchant,Wholesale Account Agent
10351,277,ERNSH,1,1996-11-11,1996-12-09,1996-11-20,1,16233,44,155,77,5,Ernst Handel,Roland Mendel,Sales Manager,Davolio,Nancy,Sales Representative,Gula Malacca,20,2,20 - 2 kg bags,1945,27,0,15,0,Condiments,Leka Trading,Chandra Leka,Owner
10351,278,ERNSH,1,1996-11-11,1996-12-09,1996-11-20,1,16233,65,168,10,5,Ernst Handel,Roland Mendel,Sales Manager,Davolio,Nancy,Sales Representative,Louisiana Fiery Hot Pepper Sauce,2,2,32 - 8 oz bottles,2105,76,0,0,0,Condiments,New Orleans Cajun Delights,Shelley Burke,Order Administrator
10352,279,FURIB,3,1996-11-12,1996-11-26,1996-11-18,3,13,24,36,10,0,Furia Bacalhau e Frutos do Mar,Lino Rodriguez,Sales Manager,Leverling,Janet,Sales Representative,Guaraná Fantástica,10,1,12 - 355 ml cans,45,20,0,0,1,Beverages,Refrescos Americanas LTDA,Carlos Diaz,Marketing Manager
10352,280,FURIB,3,1996-11-12,1996-11-26,1996-11-18,3,13,54,59,20,15,Furia Bacalhau e Frutos do Mar,Lino Rodriguez,Sales Manager,Leverling,Janet,Sales Representative,Tourtière,25,6,16 pies,745,21,0,10,0,Meat/Poultry,Ma Maison,Jean-Guy Lauzon,Marketing Manager
10353,281,PICCO,7,1996-11-13,1996-12-11,1996-11-25,3,36063,11,168,12,2,Piccolo und mehr,Georg Pipps,Sales Manager,King,Robert,Sales Representative,Queso Cabrales,5,4,1 kg pkg,21,22,30,30,0,Dairy Products,Cooperativa de Quesos 'Las Cabras',Antonio del Valle Saavedra,Export Administrator
10353,282,PICCO,7,1996-11-13,1996-12-11,1996-11-25,3,36063,38,2108,50,2,Piccolo und mehr,Georg Pipps,Sales Manager,King,Robert,Sales Representative,Côte de Blaye,18,1,12 - 75 cl bottles,2635,17,0,15,0,Beverages,Aux joyeux ecclésiastiques,Guylène Nodier,Sales Manager
10354,283,PERIC,8,1996-11-14,1996-12-12,1996-11-20,3,538,1,144,12,0,Pericles Comidas clásicas,Guillermo Fernández,Sales Representative,Callahan,Laura,Inside Sales Coordinator,Chai,1,1,10 boxes x 20 bags,18,39,0,10,0,Beverages,Exotic Liquids,Charlotte Cooper,Purchasing Manager
10354,284,PERIC,8,1996-11-14,1996-12-12,1996-11-20,3,538,29,99,4,0,Pericles Comidas clásicas,Guillermo Fernández,Sales Representative,Callahan,Laura,Inside Sales Coordinator,Thüringer Rostbratwurst,12,6,50 bags x 30 sausgs,12379,0,0,0,1,Meat/Poultry,Plutzer LebensmittelgroÁEmärkte AG,Martin Bein,International Marketing Mgr
10355,285,AROUT,6,1996-11-15,1996-12-13,1996-11-20,1,4195,24,36,25,0,Around the Horn,Thomas Hardy,Sales Representative,Suyama,Michael,Sales Representative,Guaraná Fantástica,10,1,12 - 355 ml cans,45,20,0,0,1,Beverages,Refrescos Americanas LTDA,Carlos Diaz,Marketing Manager
10355,286,AROUT,6,1996-11-15,1996-12-13,1996-11-20,1,4195,57,156,25,0,Around the Horn,Thomas Hardy,Sales Representative,Suyama,Michael,Sales Representative,Ravioli Angelo,26,5,24 - 250 g pkgs,195,36,0,20,0,Grains/Cereals,Pasta Buttini srl,Giovanni Giudici,Order Administrator
10356,287,WANDK,6,1996-11-18,1996-12-16,1996-11-27,2,3671,31,10,30,0,Die Wandernde Kuh,Rita Müller,Sales Representative,Suyama,Michael,Sales Representative,Gorgonzola Telino,14,4,12 - 100 g pkgs,125,0,70,20,0,Dairy Products,Formaggi Fortini srl,Elio Rossi,Sales Representative
10356,288,WANDK,6,1996-11-18,1996-12-16,1996-11-27,2,3671,55,192,12,0,Die Wandernde Kuh,Rita Müller,Sales Representative,Suyama,Michael,Sales Representative,Pâté chinois,25,6,24 boxes x 2 pies,24,115,0,20,0,Meat/Poultry,Ma Maison,Jean-Guy Lauzon,Marketing Manager
10356,289,WANDK,6,1996-11-18,1996-12-16,1996-11-27,2,3671,69,288,20,0,Die Wandernde Kuh,Rita Müller,Sales Representative,Suyama,Michael,Sales Representative,Gudbrandsdalsost,15,4,10 kg pkg,36,26,0,15,0,Dairy Products,Norske Meierier,Beate Vileid,Marketing Manager
10357,290,LILAS,1,1996-11-19,1996-12-17,1996-12-02,3,3488,10,248,30,2,LILA-Supermercado,Carlos González,Accounting Manager,Davolio,Nancy,Sales Representative,Ikura,4,8,12 - 200 ml jars,31,31,0,0,0,Seafood,Tokyo Traders,Yoshi Nagase,Marketing Manager
10357,291,LILAS,1,1996-11-19,1996-12-17,1996-12-02,3,3488,26,249,16,0,LILA-Supermercado,Carlos González,Accounting Manager,Davolio,Nancy,Sales Representative,Gumbär Gummibärchen,11,3,100 - 250 g bags,3123,15,0,0,0,Confections,Heli SüÁEwaren GmbH & Co KG,Petra Winkler,Sales Manager
10357,292,LILAS,1,1996-11-19,1996-12-17,1996-12-02,3,3488,60,272,8,2,LILA-Supermercado,Carlos González,Accounting Manager,Davolio,Nancy,Sales Representative,Camembert Pierrot,28,4,15 - 300 g rounds,34,19,0,0,0,Dairy Products,Gai pâturage,Eliane Noz,Sales Representative
10358,293,LAMAI,5,1996-11-20,1996-12-18,1996-11-27,1,1964,24,36,10,5,La maison d'Asie,Annette Roulet,Sales Manager,Buchanan,Steven,Sales Manager,Guaraná Fantástica,10,1,12 - 355 ml cans,45,20,0,0,1,Beverages,Refrescos Americanas LTDA,Carlos Diaz,Marketing Manager
10358,294,LAMAI,5,1996-11-20,1996-12-18,1996-11-27,1,1964,34,112,10,5,La maison d'Asie,Annette Roulet,Sales Manager,Buchanan,Steven,Sales Manager,Sasquatch Ale,16,1,24 - 12 oz bottles,14,111,0,15,0,Beverages,Bigfoot Breweries,Cheryl Saylor,Regional Account Rep
10358,295,LAMAI,5,1996-11-20,1996-12-18,1996-11-27,1,1964,36,152,20,5,La maison d'Asie,Annette Roulet,Sales Manager,Buchanan,Steven,Sales Manager,Inlagd Sill,17,8,24 - 250 g  jars,19,112,0,20,0,Seafood,Svensk Sjöföda AB,Michael Björn,Sales Representative
10359,296,SEVES,5,1996-11-21,1996-12-19,1996-11-26,3,28843,16,139,56,5,Seven Seas Imports,Hari Kumar,Sales Manager,Buchanan,Steven,Sales Manager,Pavlova,7,3,32 - 500 g boxes,1745,29,0,10,0,Confections,Pavlova, Ltd,Ian Devling
10359,297,SEVES,5,1996-11-21,1996-12-19,1996-11-26,3,28843,31,10,70,5,Seven Seas Imports,Hari Kumar,Sales Manager,Buchanan,Steven,Sales Manager,Gorgonzola Telino,14,4,12 - 100 g pkgs,125,0,70,20,0,Dairy Products,Formaggi Fortini srl,Elio Rossi,Sales Representative
10359,298,SEVES,5,1996-11-21,1996-12-19,1996-11-26,3,28843,60,272,80,5,Seven Seas Imports,Hari Kumar,Sales Manager,Buchanan,Steven,Sales Manager,Camembert Pierrot,28,4,15 - 300 g rounds,34,19,0,0,0,Dairy Products,Gai pâturage,Eliane Noz,Sales Representative
10360,299,BLONP,4,1996-11-22,1996-12-20,1996-12-02,3,1317,28,364,30,0,Blondesddsl père et fils,Frédérique Citeaux,Marketing Manager,Peacock,Margaret,Sales Representative,Rössle Sauerkraut,12,7,25 - 825 g cans,456,26,0,0,1,Produce,Plutzer LebensmittelgroÁEmärkte AG,Martin Bein,International Marketing Mgr
10360,300,BLONP,4,1996-11-22,1996-12-20,1996-12-02,3,1317,29,99,35,0,Blondesddsl père et fils,Frédérique Citeaux,Marketing Manager,Peacock,Margaret,Sales Representative,Thüringer Rostbratwurst,12,6,50 bags x 30 sausgs,12379,0,0,0,1,Meat/Poultry,Plutzer LebensmittelgroÁEmärkte AG,Martin Bein,International Marketing Mgr
10360,301,BLONP,4,1996-11-22,1996-12-20,1996-12-02,3,1317,38,2108,10,0,Blondesddsl père et fils,Frédérique Citeaux,Marketing Manager,Peacock,Margaret,Sales Representative,Côte de Blaye,18,1,12 - 75 cl bottles,2635,17,0,15,0,Beverages,Aux joyeux ecclésiastiques,Guylène Nodier,Sales Manager
10360,302,BLONP,4,1996-11-22,1996-12-20,1996-12-02,3,1317,49,16,35,0,Blondesddsl père et fils,Frédérique Citeaux,Marketing Manager,Peacock,Margaret,Sales Representative,Maxilaku,23,3,24 - 50 g pkgs,20,10,60,15,0,Confections,Karkki Oy,Anne Heikkonen,Product Manager
10360,303,BLONP,4,1996-11-22,1996-12-20,1996-12-02,3,1317,54,59,28,0,Blondesddsl père et fils,Frédérique Citeaux,Marketing Manager,Peacock,Margaret,Sales Representative,Tourtière,25,6,16 pies,745,21,0,10,0,Meat/Poultry,Ma Maison,Jean-Guy Lauzon,Marketing Manager
10361,304,QUICK,1,1996-11-22,1996-12-20,1996-12-03,2,18317,39,144,54,1,QUICK-Stop,Horst Kloss,Accounting Manager,Davolio,Nancy,Sales Representative,Chartreuse verte,18,1,750 cc per bottle,18,69,0,5,0,Beverages,Aux joyeux ecclésiastiques,Guylène Nodier,Sales Manager
10361,305,QUICK,1,1996-11-22,1996-12-20,1996-12-03,2,18317,60,272,55,1,QUICK-Stop,Horst Kloss,Accounting Manager,Davolio,Nancy,Sales Representative,Camembert Pierrot,28,4,15 - 300 g rounds,34,19,0,0,0,Dairy Products,Gai pâturage,Eliane Noz,Sales Representative
10362,306,BONAP,3,1996-11-25,1996-12-23,1996-11-28,1,9604,25,112,50,0,Bon app',Laurence Lebihan,Owner,Leverling,Janet,Sales Representative,NuNuCa NuÁE-Nougat-Creme,11,3,20 - 450 g glasses,14,76,0,30,0,Confections,Heli SüÁEwaren GmbH & Co KG,Petra Winkler,Sales Manager
10362,307,BONAP,3,1996-11-25,1996-12-23,1996-11-28,1,9604,51,424,20,0,Bon app',Laurence Lebihan,Owner,Leverling,Janet,Sales Representative,Manjimup Dried Apples,24,7,50 - 300 g pkgs,53,20,0,10,0,Produce,G'day, Mate,Wendy Mackenzie
10362,308,BONAP,3,1996-11-25,1996-12-23,1996-11-28,1,9604,54,59,24,0,Bon app',Laurence Lebihan,Owner,Leverling,Janet,Sales Representative,Tourtière,25,6,16 pies,745,21,0,10,0,Meat/Poultry,Ma Maison,Jean-Guy Lauzon,Marketing Manager
10363,309,DRACD,4,1996-11-26,1996-12-24,1996-12-04,3,3054,31,10,20,0,Drachenblut Delikatessen,Sven Ottlieb,Order Administrator,Peacock,Margaret,Sales Representative,Gorgonzola Telino,14,4,12 - 100 g pkgs,125,0,70,20,0,Dairy Products,Formaggi Fortini srl,Elio Rossi,Sales Representative
10363,310,DRACD,4,1996-11-26,1996-12-24,1996-12-04,3,3054,75,62,12,0,Drachenblut Delikatessen,Sven Ottlieb,Order Administrator,Peacock,Margaret,Sales Representative,Rhönbräu Klosterbier,12,1,24 - 05 l bottles,775,125,0,25,0,Beverages,Plutzer LebensmittelgroÁEmärkte AG,Martin Bein,International Marketing Mgr
10363,311,DRACD,4,1996-11-26,1996-12-24,1996-12-04,3,3054,76,144,12,0,Drachenblut Delikatessen,Sven Ottlieb,Order Administrator,Peacock,Margaret,Sales Representative,Lakkalikööri,23,1,500 ml,18,57,0,20,0,Beverages,Karkki Oy,Anne Heikkonen,Product Manager
10364,312,EASTC,1,1996-11-26,1997-01-07,1996-12-04,1,7197,69,288,30,0,Eastern Connection,Ann Devon,Sales Agent,Davolio,Nancy,Sales Representative,Gudbrandsdalsost,15,4,10 kg pkg,36,26,0,15,0,Dairy Products,Norske Meierier,Beate Vileid,Marketing Manager
10364,313,EASTC,1,1996-11-26,1997-01-07,1996-12-04,1,7197,71,172,5,0,Eastern Connection,Ann Devon,Sales Agent,Davolio,Nancy,Sales Representative,Flotemysost,15,4,10 - 500 g pkgs,215,26,0,0,0,Dairy Products,Norske Meierier,Beate Vileid,Marketing Manager
10365,314,ANTON,3,1996-11-27,1996-12-25,1996-12-02,2,22,11,168,24,0,Antonio Moreno Taquería,Antonio Moreno,Owner,Leverling,Janet,Sales Representative,Queso Cabrales,5,4,1 kg pkg,21,22,30,30,0,Dairy Products,Cooperativa de Quesos 'Las Cabras',Antonio del Valle Saavedra,Export Administrator
10366,315,GALED,8,1996-11-28,1997-01-09,1996-12-30,2,1014,65,168,5,0,Galería del gastrónomo,Eduardo Saavedra,Marketing Manager,Callahan,Laura,Inside Sales Coordinator,Louisiana Fiery Hot Pepper Sauce,2,2,32 - 8 oz bottles,2105,76,0,0,0,Condiments,New Orleans Cajun Delights,Shelley Burke,Order Administrator
10366,316,GALED,8,1996-11-28,1997-01-09,1996-12-30,2,1014,77,104,5,0,Galería del gastrónomo,Eduardo Saavedra,Marketing Manager,Callahan,Laura,Inside Sales Coordinator,Original Frankfurter grüne SoÁEe,12,2,12 boxes,13,32,0,15,0,Condiments,Plutzer LebensmittelgroÁEmärkte AG,Martin Bein,International Marketing Mgr
10367,317,VAFFE,7,1996-11-28,1996-12-26,1996-12-02,3,1355,34,112,36,0,Vaffeljernet,Palle Ibsen,Sales Manager,King,Robert,Sales Representative,Sasquatch Ale,16,1,24 - 12 oz bottles,14,111,0,15,0,Beverages,Bigfoot Breweries,Cheryl Saylor,Regional Account Rep
10367,318,VAFFE,7,1996-11-28,1996-12-26,1996-12-02,3,1355,54,59,18,0,Vaffeljernet,Palle Ibsen,Sales Manager,King,Robert,Sales Representative,Tourtière,25,6,16 pies,745,21,0,10,0,Meat/Poultry,Ma Maison,Jean-Guy Lauzon,Marketing Manager
10367,319,VAFFE,7,1996-11-28,1996-12-26,1996-12-02,3,1355,65,168,15,0,Vaffeljernet,Palle Ibsen,Sales Manager,King,Robert,Sales Representative,Louisiana Fiery Hot Pepper Sauce,2,2,32 - 8 oz bottles,2105,76,0,0,0,Condiments,New Orleans Cajun Delights,Shelley Burke,Order Administrator
10367,320,VAFFE,7,1996-11-28,1996-12-26,1996-12-02,3,1355,77,104,7,0,Vaffeljernet,Palle Ibsen,Sales Manager,King,Robert,Sales Representative,Original Frankfurter grüne SoÁEe,12,2,12 boxes,13,32,0,15,0,Condiments,Plutzer LebensmittelgroÁEmärkte AG,Martin Bein,International Marketing Mgr
10368,321,ERNSH,2,1996-11-29,1996-12-27,1996-12-02,2,10195,21,8,5,1,Ernst Handel,Roland Mendel,Sales Manager,Fuller,Andrew,Vice President  Sales,Sir Rodney's Scones,8,3,24 pkgs x 4 pieces,10,3,40,5,0,Confections,Specialty Biscuits, Ltd,Peter Wilson
10368,322,ERNSH,2,1996-11-29,1996-12-27,1996-12-02,2,10195,28,364,13,1,Ernst Handel,Roland Mendel,Sales Manager,Fuller,Andrew,Vice President  Sales,Rössle Sauerkraut,12,7,25 - 825 g cans,456,26,0,0,1,Produce,Plutzer LebensmittelgroÁEmärkte AG,Martin Bein,International Marketing Mgr
10368,323,ERNSH,2,1996-11-29,1996-12-27,1996-12-02,2,10195,57,156,25,0,Ernst Handel,Roland Mendel,Sales Manager,Fuller,Andrew,Vice President  Sales,Ravioli Angelo,26,5,24 - 250 g pkgs,195,36,0,20,0,Grains/Cereals,Pasta Buttini srl,Giovanni Giudici,Order Administrator
10368,324,ERNSH,2,1996-11-29,1996-12-27,1996-12-02,2,10195,64,266,35,1,Ernst Handel,Roland Mendel,Sales Manager,Fuller,Andrew,Vice President  Sales,Wimmers gute Semmelknödel,12,5,20 bags x 4 pieces,3325,22,80,30,0,Grains/Cereals,Plutzer LebensmittelgroÁEmärkte AG,Martin Bein,International Marketing Mgr
10369,325,SPLIR,8,1996-12-02,1996-12-30,1996-12-09,2,19568,29,99,20,0,Split Rail Beer & Ale,Art Braunschweiger,Sales Manager,Callahan,Laura,Inside Sales Coordinator,Thüringer Rostbratwurst,12,6,50 bags x 30 sausgs,12379,0,0,0,1,Meat/Poultry,Plutzer LebensmittelgroÁEmärkte AG,Martin Bein,International Marketing Mgr
10369,326,SPLIR,8,1996-12-02,1996-12-30,1996-12-09,2,19568,56,304,18,25,Split Rail Beer & Ale,Art Braunschweiger,Sales Manager,Callahan,Laura,Inside Sales Coordinator,Gnocchi di nonna Alice,26,5,24 - 250 g pkgs,38,21,10,30,0,Grains/Cereals,Pasta Buttini srl,Giovanni Giudici,Order Administrator
10370,327,CHOPS,6,1996-12-03,1996-12-31,1996-12-27,2,117,1,144,15,15,Chop-suey Chinese,Yang Wang,Owner,Suyama,Michael,Sales Representative,Chai,1,1,10 boxes x 20 bags,18,39,0,10,0,Beverages,Exotic Liquids,Charlotte Cooper,Purchasing Manager
10370,328,CHOPS,6,1996-12-03,1996-12-31,1996-12-27,2,117,64,266,30,0,Chop-suey Chinese,Yang Wang,Owner,Suyama,Michael,Sales Representative,Wimmers gute Semmelknödel,12,5,20 bags x 4 pieces,3325,22,80,30,0,Grains/Cereals,Plutzer LebensmittelgroÁEmärkte AG,Martin Bein,International Marketing Mgr
10370,329,CHOPS,6,1996-12-03,1996-12-31,1996-12-27,2,117,74,8,20,15,Chop-suey Chinese,Yang Wang,Owner,Suyama,Michael,Sales Representative,Longlife Tofu,4,7,5 kg pkg,10,4,20,5,0,Produce,Tokyo Traders,Yoshi Nagase,Marketing Manager
10371,330,LAMAI,1,1996-12-03,1996-12-31,1996-12-24,1,45,36,152,6,2,La maison d'Asie,Annette Roulet,Sales Manager,Davolio,Nancy,Sales Representative,Inlagd Sill,17,8,24 - 250 g  jars,19,112,0,20,0,Seafood,Svensk Sjöföda AB,Michael Björn,Sales Representative
10372,331,QUEEN,5,1996-12-04,1997-01-01,1996-12-09,2,89078,20,648,12,25,Queen Cozinha,Lúcia Carvalho,Marketing Assistant,Buchanan,Steven,Sales Manager,Sir Rodney's Marmalade,8,3,30 gift boxes,81,40,0,0,0,Confections,Specialty Biscuits, Ltd,Peter Wilson
10372,332,QUEEN,5,1996-12-04,1997-01-01,1996-12-09,2,89078,38,2108,40,25,Queen Cozinha,Lúcia Carvalho,Marketing Assistant,Buchanan,Steven,Sales Manager,Côte de Blaye,18,1,12 - 75 cl bottles,2635,17,0,15,0,Beverages,Aux joyeux ecclésiastiques,Guylène Nodier,Sales Manager
10372,333,QUEEN,5,1996-12-04,1997-01-01,1996-12-09,2,89078,60,272,70,25,Queen Cozinha,Lúcia Carvalho,Marketing Assistant,Buchanan,Steven,Sales Manager,Camembert Pierrot,28,4,15 - 300 g rounds,34,19,0,0,0,Dairy Products,Gai pâturage,Eliane Noz,Sales Representative
10372,334,QUEEN,5,1996-12-04,1997-01-01,1996-12-09,2,89078,72,278,42,25,Queen Cozinha,Lúcia Carvalho,Marketing Assistant,Buchanan,Steven,Sales Manager,Mozzarella di Giovanni,14,4,24 - 200 g pkgs,348,14,0,0,0,Dairy Products,Formaggi Fortini srl,Elio Rossi,Sales Representative
10373,335,HUNGO,4,1996-12-05,1997-01-02,1996-12-11,3,12412,58,106,80,2,Hungry Owl All-Night Grocers,Patricia McKenna,Sales Associate,Peacock,Margaret,Sales Representative,Escargots de Bourgogne,27,8,24 pieces,1325,62,0,20,0,Seafood,Escargots Nouveaux,Marie Delamare,Sales Manager
10373,336,HUNGO,4,1996-12-05,1997-01-02,1996-12-11,3,12412,71,172,50,2,Hungry Owl All-Night Grocers,Patricia McKenna,Sales Associate,Peacock,Margaret,Sales Representative,Flotemysost,15,4,10 - 500 g pkgs,215,26,0,0,0,Dairy Products,Norske Meierier,Beate Vileid,Marketing Manager
10374,337,WOLZA,1,1996-12-05,1997-01-02,1996-12-09,3,394,31,10,30,0,Wolski  Zajazd,Zbyszek Piestrzeniewicz,Owner,Davolio,Nancy,Sales Representative,Gorgonzola Telino,14,4,12 - 100 g pkgs,125,0,70,20,0,Dairy Products,Formaggi Fortini srl,Elio Rossi,Sales Representative
10374,338,WOLZA,1,1996-12-05,1997-01-02,1996-12-09,3,394,58,106,15,0,Wolski  Zajazd,Zbyszek Piestrzeniewicz,Owner,Davolio,Nancy,Sales Representative,Escargots de Bourgogne,27,8,24 pieces,1325,62,0,20,0,Seafood,Escargots Nouveaux,Marie Delamare,Sales Manager
10375,339,HUNGC,3,1996-12-06,1997-01-03,1996-12-09,2,2012,14,186,15,0,Hungry Coyote Import Store,Yoshi Latimer,Sales Representative,Leverling,Janet,Sales Representative,Tofu,6,7,40 - 100 g pkgs,2325,35,0,0,0,Produce,Mayumi's,Mayumi Ohno,Marketing Representative
10375,340,HUNGC,3,1996-12-06,1997-01-03,1996-12-09,2,2012,54,59,10,0,Hungry Coyote Import Store,Yoshi Latimer,Sales Representative,Leverling,Janet,Sales Representative,Tourtière,25,6,16 pies,745,21,0,10,0,Meat/Poultry,Ma Maison,Jean-Guy Lauzon,Marketing Manager
10376,341,MEREP,1,1996-12-09,1997-01-06,1996-12-13,2,2039,31,10,42,5,Mère Paillarde,Jean Fresnière,Marketing Assistant,Davolio,Nancy,Sales Representative,Gorgonzola Telino,14,4,12 - 100 g pkgs,125,0,70,20,0,Dairy Products,Formaggi Fortini srl,Elio Rossi,Sales Representative
10377,342,SEVES,1,1996-12-09,1997-01-06,1996-12-13,3,2221,28,364,20,15,Seven Seas Imports,Hari Kumar,Sales Manager,Davolio,Nancy,Sales Representative,Rössle Sauerkraut,12,7,25 - 825 g cans,456,26,0,0,1,Produce,Plutzer LebensmittelgroÁEmärkte AG,Martin Bein,International Marketing Mgr
10377,343,SEVES,1,1996-12-09,1997-01-06,1996-12-13,3,2221,39,144,20,15,Seven Seas Imports,Hari Kumar,Sales Manager,Davolio,Nancy,Sales Representative,Chartreuse verte,18,1,750 cc per bottle,18,69,0,5,0,Beverages,Aux joyeux ecclésiastiques,Guylène Nodier,Sales Manager
10378,344,FOLKO,5,1996-12-10,1997-01-07,1996-12-19,3,544,71,172,6,0,Folk och fä HB,Maria Larsson,Owner,Buchanan,Steven,Sales Manager,Flotemysost,15,4,10 - 500 g pkgs,215,26,0,0,0,Dairy Products,Norske Meierier,Beate Vileid,Marketing Manager
10379,345,QUEDE,2,1996-12-11,1997-01-08,1996-12-13,1,4503,41,77,8,1,Que Delícia,Bernardo Batista,Accounting Manager,Fuller,Andrew,Vice President  Sales,Jack's New England Clam Chowder,19,8,12 - 12 oz cans,965,85,0,10,0,Seafood,New England Seafood Cannery,Robb Merchant,Wholesale Account Agent
10379,346,QUEDE,2,1996-12-11,1997-01-08,1996-12-13,1,4503,63,351,16,1,Que Delícia,Bernardo Batista,Accounting Manager,Fuller,Andrew,Vice President  Sales,Vegie-spread,7,2,15 - 625 g jars,439,24,0,5,0,Condiments,Pavlova, Ltd,Ian Devling
10379,347,QUEDE,2,1996-12-11,1997-01-08,1996-12-13,1,4503,65,168,20,1,Que Delícia,Bernardo Batista,Accounting Manager,Fuller,Andrew,Vice President  Sales,Louisiana Fiery Hot Pepper Sauce,2,2,32 - 8 oz bottles,2105,76,0,0,0,Condiments,New Orleans Cajun Delights,Shelley Burke,Order Administrator
10380,348,HUNGO,8,1996-12-12,1997-01-09,1997-01-16,3,3503,30,207,18,1,Hungry Owl All-Night Grocers,Patricia McKenna,Sales Associate,Callahan,Laura,Inside Sales Coordinator,Nord-Ost Matjeshering,13,8,10 - 200 g glasses,2589,10,0,15,0,Seafood,Nord-Ost-Fisch Handelsgesellschaft mbH,Sven Petersen,Coordinator Foreign Markets
10380,349,HUNGO,8,1996-12-12,1997-01-09,1997-01-16,3,3503,53,262,20,1,Hungry Owl All-Night Grocers,Patricia McKenna,Sales Associate,Callahan,Laura,Inside Sales Coordinator,Perth Pasties,24,6,48 pieces,328,0,0,0,1,Meat/Poultry,G'day, Mate,Wendy Mackenzie
10380,350,HUNGO,8,1996-12-12,1997-01-09,1997-01-16,3,3503,60,272,6,1,Hungry Owl All-Night Grocers,Patricia McKenna,Sales Associate,Callahan,Laura,Inside Sales Coordinator,Camembert Pierrot,28,4,15 - 300 g rounds,34,19,0,0,0,Dairy Products,Gai pâturage,Eliane Noz,Sales Representative
10380,351,HUNGO,8,1996-12-12,1997-01-09,1997-01-16,3,3503,70,12,30,0,Hungry Owl All-Night Grocers,Patricia McKenna,Sales Associate,Callahan,Laura,Inside Sales Coordinator,Outback Lager,7,1,24 - 355 ml bottles,15,15,10,30,0,Beverages,Pavlova, Ltd,Ian Devling
10381,352,LILAS,3,1996-12-12,1997-01-09,1996-12-13,3,799,74,8,14,0,LILA-Supermercado,Carlos González,Accounting Manager,Leverling,Janet,Sales Representative,Longlife Tofu,4,7,5 kg pkg,10,4,20,5,0,Produce,Tokyo Traders,Yoshi Nagase,Marketing Manager
10382,353,ERNSH,4,1996-12-13,1997-01-10,1996-12-16,1,9477,5,17,32,0,Ernst Handel,Roland Mendel,Sales Manager,Peacock,Margaret,Sales Representative,Chef Anton's Gumbo Mix,2,2,36 boxes,2135,0,0,0,1,Condiments,New Orleans Cajun Delights,Shelley Burke,Order Administrator
10382,354,ERNSH,4,1996-12-13,1997-01-10,1996-12-16,1,9477,18,50,9,0,Ernst Handel,Roland Mendel,Sales Manager,Peacock,Margaret,Sales Representative,Carnarvon Tigers,7,8,16 kg pkg,625,42,0,0,0,Seafood,Pavlova, Ltd,Ian Devling
10382,355,ERNSH,4,1996-12-13,1997-01-10,1996-12-16,1,9477,29,99,14,0,Ernst Handel,Roland Mendel,Sales Manager,Peacock,Margaret,Sales Representative,Thüringer Rostbratwurst,12,6,50 bags x 30 sausgs,12379,0,0,0,1,Meat/Poultry,Plutzer LebensmittelgroÁEmärkte AG,Martin Bein,International Marketing Mgr
10382,356,ERNSH,4,1996-12-13,1997-01-10,1996-12-16,1,9477,33,2,60,0,Ernst Handel,Roland Mendel,Sales Manager,Peacock,Margaret,Sales Representative,Geitost,15,4,500 g,25,112,0,20,0,Dairy Products,Norske Meierier,Beate Vileid,Marketing Manager
10382,357,ERNSH,4,1996-12-13,1997-01-10,1996-12-16,1,9477,74,8,50,0,Ernst Handel,Roland Mendel,Sales Manager,Peacock,Margaret,Sales Representative,Longlife Tofu,4,7,5 kg pkg,10,4,20,5,0,Produce,Tokyo Traders,Yoshi Nagase,Marketing Manager
10383,358,AROUT,8,1996-12-16,1997-01-13,1996-12-18,3,3424,13,48,20,0,Around the Horn,Thomas Hardy,Sales Representative,Callahan,Laura,Inside Sales Coordinator,Konbu,6,8,2 kg box,6,24,0,5,0,Seafood,Mayumi's,Mayumi Ohno,Marketing Representative
10383,359,AROUT,8,1996-12-16,1997-01-13,1996-12-18,3,3424,50,13,15,0,Around the Horn,Thomas Hardy,Sales Representative,Callahan,Laura,Inside Sales Coordinator,Valkoinen suklaa,23,3,12 - 100 g bars,1625,65,0,30,0,Confections,Karkki Oy,Anne Heikkonen,Product Manager
10383,360,AROUT,8,1996-12-16,1997-01-13,1996-12-18,3,3424,56,304,20,0,Around the Horn,Thomas Hardy,Sales Representative,Callahan,Laura,Inside Sales Coordinator,Gnocchi di nonna Alice,26,5,24 - 250 g pkgs,38,21,10,30,0,Grains/Cereals,Pasta Buttini srl,Giovanni Giudici,Order Administrator
10384,361,BERGS,3,1996-12-16,1997-01-13,1996-12-20,3,16864,20,648,28,0,Berglunds snabbköp,Christina Berglund,Order Administrator,Leverling,Janet,Sales Representative,Sir Rodney's Marmalade,8,3,30 gift boxes,81,40,0,0,0,Confections,Specialty Biscuits, Ltd,Peter Wilson
10384,362,BERGS,3,1996-12-16,1997-01-13,1996-12-20,3,16864,60,272,15,0,Berglunds snabbköp,Christina Berglund,Order Administrator,Leverling,Janet,Sales Representative,Camembert Pierrot,28,4,15 - 300 g rounds,34,19,0,0,0,Dairy Products,Gai pâturage,Eliane Noz,Sales Representative
10385,363,SPLIR,1,1996-12-17,1997-01-14,1996-12-23,2,3096,7,24,10,2,Split Rail Beer & Ale,Art Braunschweiger,Sales Manager,Davolio,Nancy,Sales Representative,Uncle Bob's Organic Dried Pears,3,7,12 - 1 lb pkgs,30,15,0,10,0,Produce,Grandma Kelly's Homestead,Regina Murphy,Sales Representative
10385,364,SPLIR,1,1996-12-17,1997-01-14,1996-12-23,2,3096,60,272,20,2,Split Rail Beer & Ale,Art Braunschweiger,Sales Manager,Davolio,Nancy,Sales Representative,Camembert Pierrot,28,4,15 - 300 g rounds,34,19,0,0,0,Dairy Products,Gai pâturage,Eliane Noz,Sales Representative
10385,365,SPLIR,1,1996-12-17,1997-01-14,1996-12-23,2,3096,68,10,8,2,Split Rail Beer & Ale,Art Braunschweiger,Sales Manager,Davolio,Nancy,Sales Representative,Scottish Longbreads,8,3,10 boxes x 8 pieces,125,6,10,15,0,Confections,Specialty Biscuits, Ltd,Peter Wilson
10386,366,FAMIA,9,1996-12-18,1997-01-01,1996-12-25,3,1399,24,36,15,0,Familia Arquibaldo,Aria Cruz,Marketing Assistant,Dodsworth,Anne,Sales Representative,Guaraná Fantástica,10,1,12 - 355 ml cans,45,20,0,0,1,Beverages,Refrescos Americanas LTDA,Carlos Diaz,Marketing Manager
10386,367,FAMIA,9,1996-12-18,1997-01-01,1996-12-25,3,1399,34,112,10,0,Familia Arquibaldo,Aria Cruz,Marketing Assistant,Dodsworth,Anne,Sales Representative,Sasquatch Ale,16,1,24 - 12 oz bottles,14,111,0,15,0,Beverages,Bigfoot Breweries,Cheryl Saylor,Regional Account Rep
10387,368,SANTG,1,1996-12-18,1997-01-15,1996-12-20,2,9363,24,36,15,0,Santé Gourmet,Jonas Bergulfsen,Owner,Davolio,Nancy,Sales Representative,Guaraná Fantástica,10,1,12 - 355 ml cans,45,20,0,0,1,Beverages,Refrescos Americanas LTDA,Carlos Diaz,Marketing Manager
10387,369,SANTG,1,1996-12-18,1997-01-15,1996-12-20,2,9363,28,364,6,0,Santé Gourmet,Jonas Bergulfsen,Owner,Davolio,Nancy,Sales Representative,Rössle Sauerkraut,12,7,25 - 825 g cans,456,26,0,0,1,Produce,Plutzer LebensmittelgroÁEmärkte AG,Martin Bein,International Marketing Mgr
10387,370,SANTG,1,1996-12-18,1997-01-15,1996-12-20,2,9363,59,44,12,0,Santé Gourmet,Jonas Bergulfsen,Owner,Davolio,Nancy,Sales Representative,Raclette Courdavault,28,4,5 kg pkg,55,79,0,0,0,Dairy Products,Gai pâturage,Eliane Noz,Sales Representative
10387,371,SANTG,1,1996-12-18,1997-01-15,1996-12-20,2,9363,71,172,15,0,Santé Gourmet,Jonas Bergulfsen,Owner,Davolio,Nancy,Sales Representative,Flotemysost,15,4,10 - 500 g pkgs,215,26,0,0,0,Dairy Products,Norske Meierier,Beate Vileid,Marketing Manager
10388,372,SEVES,2,1996-12-19,1997-01-16,1996-12-20,1,3486,45,76,15,2,Seven Seas Imports,Hari Kumar,Sales Manager,Fuller,Andrew,Vice President  Sales,Rogede sild,21,8,1k pkg,95,5,70,15,0,Seafood,Lyngbysild,Niels Petersen,Sales Manager
10388,373,SEVES,2,1996-12-19,1997-01-16,1996-12-20,1,3486,52,56,20,2,Seven Seas Imports,Hari Kumar,Sales Manager,Fuller,Andrew,Vice President  Sales,Filo Mix,24,5,16 - 2 kg boxes,7,38,0,25,0,Grains/Cereals,G'day, Mate,Wendy Mackenzie
10388,374,SEVES,2,1996-12-19,1997-01-16,1996-12-20,1,3486,53,262,40,0,Seven Seas Imports,Hari Kumar,Sales Manager,Fuller,Andrew,Vice President  Sales,Perth Pasties,24,6,48 pieces,328,0,0,0,1,Meat/Poultry,G'day, Mate,Wendy Mackenzie
10389,375,BOTTM,4,1996-12-20,1997-01-17,1996-12-24,2,4742,10,248,16,0,Bottom-Dollar Markets,Elizabeth Lincoln,Accounting Manager,Peacock,Margaret,Sales Representative,Ikura,4,8,12 - 200 ml jars,31,31,0,0,0,Seafood,Tokyo Traders,Yoshi Nagase,Marketing Manager
10389,376,BOTTM,4,1996-12-20,1997-01-17,1996-12-24,2,4742,55,192,15,0,Bottom-Dollar Markets,Elizabeth Lincoln,Accounting Manager,Peacock,Margaret,Sales Representative,Pâté chinois,25,6,24 boxes x 2 pies,24,115,0,20,0,Meat/Poultry,Ma Maison,Jean-Guy Lauzon,Marketing Manager
10389,377,BOTTM,4,1996-12-20,1997-01-17,1996-12-24,2,4742,62,394,20,0,Bottom-Dollar Markets,Elizabeth Lincoln,Accounting Manager,Peacock,Margaret,Sales Representative,Tarte au sucre,29,3,48 pies,493,17,0,0,0,Confections,Forêts d'érables,Chantal Goulet,Accounting Manager
10389,378,BOTTM,4,1996-12-20,1997-01-17,1996-12-24,2,4742,70,12,30,0,Bottom-Dollar Markets,Elizabeth Lincoln,Accounting Manager,Peacock,Margaret,Sales Representative,Outback Lager,7,1,24 - 355 ml bottles,15,15,10,30,0,Beverages,Pavlova, Ltd,Ian Devling
10390,379,ERNSH,6,1996-12-23,1997-01-20,1996-12-26,1,12638,31,10,60,1,Ernst Handel,Roland Mendel,Sales Manager,Suyama,Michael,Sales Representative,Gorgonzola Telino,14,4,12 - 100 g pkgs,125,0,70,20,0,Dairy Products,Formaggi Fortini srl,Elio Rossi,Sales Representative
10390,380,ERNSH,6,1996-12-23,1997-01-20,1996-12-26,1,12638,35,144,40,1,Ernst Handel,Roland Mendel,Sales Manager,Suyama,Michael,Sales Representative,Steeleye Stout,16,1,24 - 12 oz bottles,18,20,0,15,0,Beverages,Bigfoot Breweries,Cheryl Saylor,Regional Account Rep
10390,381,ERNSH,6,1996-12-23,1997-01-20,1996-12-26,1,12638,46,96,45,0,Ernst Handel,Roland Mendel,Sales Manager,Suyama,Michael,Sales Representative,Spegesild,21,8,4 - 450 g glasses,12,95,0,0,0,Seafood,Lyngbysild,Niels Petersen,Sales Manager
10390,382,ERNSH,6,1996-12-23,1997-01-20,1996-12-26,1,12638,72,278,24,1,Ernst Handel,Roland Mendel,Sales Manager,Suyama,Michael,Sales Representative,Mozzarella di Giovanni,14,4,24 - 200 g pkgs,348,14,0,0,0,Dairy Products,Formaggi Fortini srl,Elio Rossi,Sales Representative
10391,383,DRACD,3,1996-12-23,1997-01-20,1996-12-31,3,545,13,48,18,0,Drachenblut Delikatessen,Sven Ottlieb,Order Administrator,Leverling,Janet,Sales Representative,Konbu,6,8,2 kg box,6,24,0,5,0,Seafood,Mayumi's,Mayumi Ohno,Marketing Representative
10392,384,PICCO,2,1996-12-24,1997-01-21,1997-01-01,3,12246,69,288,50,0,Piccolo und mehr,Georg Pipps,Sales Manager,Fuller,Andrew,Vice President  Sales,Gudbrandsdalsost,15,4,10 kg pkg,36,26,0,15,0,Dairy Products,Norske Meierier,Beate Vileid,Marketing Manager
10393,385,SAVEA,1,1996-12-25,1997-01-22,1997-01-03,3,12656,2,152,25,25,Save-a-lot Markets,Jose Pavarotti,Sales Representative,Davolio,Nancy,Sales Representative,Chang,1,1,24 - 12 oz bottles,19,17,40,25,0,Beverages,Exotic Liquids,Charlotte Cooper,Purchasing Manager
10393,386,SAVEA,1,1996-12-25,1997-01-22,1997-01-03,3,12656,14,186,42,25,Save-a-lot Markets,Jose Pavarotti,Sales Representative,Davolio,Nancy,Sales Representative,Tofu,6,7,40 - 100 g pkgs,2325,35,0,0,0,Produce,Mayumi's,Mayumi Ohno,Marketing Representative
10393,387,SAVEA,1,1996-12-25,1997-01-22,1997-01-03,3,12656,25,112,7,25,Save-a-lot Markets,Jose Pavarotti,Sales Representative,Davolio,Nancy,Sales Representative,NuNuCa NuÁE-Nougat-Creme,11,3,20 - 450 g glasses,14,76,0,30,0,Confections,Heli SüÁEwaren GmbH & Co KG,Petra Winkler,Sales Manager
10393,388,SAVEA,1,1996-12-25,1997-01-22,1997-01-03,3,12656,26,249,70,25,Save-a-lot Markets,Jose Pavarotti,Sales Representative,Davolio,Nancy,Sales Representative,Gumbär Gummibärchen,11,3,100 - 250 g bags,3123,15,0,0,0,Confections,Heli SüÁEwaren GmbH & Co KG,Petra Winkler,Sales Manager
10393,389,SAVEA,1,1996-12-25,1997-01-22,1997-01-03,3,12656,31,10,32,0,Save-a-lot Markets,Jose Pavarotti,Sales Representative,Davolio,Nancy,Sales Representative,Gorgonzola Telino,14,4,12 - 100 g pkgs,125,0,70,20,0,Dairy Products,Formaggi Fortini srl,Elio Rossi,Sales Representative
10394,390,HUNGC,1,1996-12-25,1997-01-22,1997-01-03,3,3034,13,48,10,0,Hungry Coyote Import Store,Yoshi Latimer,Sales Representative,Davolio,Nancy,Sales Representative,Konbu,6,8,2 kg box,6,24,0,5,0,Seafood,Mayumi's,Mayumi Ohno,Marketing Representative
10394,391,HUNGC,1,1996-12-25,1997-01-22,1997-01-03,3,3034,62,394,10,0,Hungry Coyote Import Store,Yoshi Latimer,Sales Representative,Davolio,Nancy,Sales Representative,Tarte au sucre,29,3,48 pies,493,17,0,0,0,Confections,Forêts d'érables,Chantal Goulet,Accounting Manager
10395,392,HILAA,6,1996-12-26,1997-01-23,1997-01-03,1,18441,46,96,28,1,HILARION-Abastos,Carlos Hernández,Sales Representative,Suyama,Michael,Sales Representative,Spegesild,21,8,4 - 450 g glasses,12,95,0,0,0,Seafood,Lyngbysild,Niels Petersen,Sales Manager
10395,393,HILAA,6,1996-12-26,1997-01-23,1997-01-03,1,18441,53,262,70,1,HILARION-Abastos,Carlos Hernández,Sales Representative,Suyama,Michael,Sales Representative,Perth Pasties,24,6,48 pieces,328,0,0,0,1,Meat/Poultry,G'day, Mate,Wendy Mackenzie
10395,394,HILAA,6,1996-12-26,1997-01-23,1997-01-03,1,18441,69,288,8,0,HILARION-Abastos,Carlos Hernández,Sales Representative,Suyama,Michael,Sales Representative,Gudbrandsdalsost,15,4,10 kg pkg,36,26,0,15,0,Dairy Products,Norske Meierier,Beate Vileid,Marketing Manager
10396,395,FRANK,1,1996-12-27,1997-01-10,1997-01-06,3,13535,23,72,40,0,Frankenversand,Peter Franken,Marketing Manager,Davolio,Nancy,Sales Representative,Tunnbröd,9,5,12 - 250 g pkgs,9,61,0,25,0,Grains/Cereals,PB Knäckebröd AB,Lars Peterson,Sales Agent
10396,396,FRANK,1,1996-12-27,1997-01-10,1997-01-06,3,13535,71,172,60,0,Frankenversand,Peter Franken,Marketing Manager,Davolio,Nancy,Sales Representative,Flotemysost,15,4,10 - 500 g pkgs,215,26,0,0,0,Dairy Products,Norske Meierier,Beate Vileid,Marketing Manager
10396,397,FRANK,1,1996-12-27,1997-01-10,1997-01-06,3,13535,72,278,21,0,Frankenversand,Peter Franken,Marketing Manager,Davolio,Nancy,Sales Representative,Mozzarella di Giovanni,14,4,24 - 200 g pkgs,348,14,0,0,0,Dairy Products,Formaggi Fortini srl,Elio Rossi,Sales Representative
10397,398,PRINI,5,1996-12-27,1997-01-24,1997-01-02,1,6026,21,8,10,15,Princesa Isabel Vinhos,Isabel de Castro,Sales Representative,Buchanan,Steven,Sales Manager,Sir Rodney's Scones,8,3,24 pkgs x 4 pieces,10,3,40,5,0,Confections,Specialty Biscuits, Ltd,Peter Wilson
10397,399,PRINI,5,1996-12-27,1997-01-24,1997-01-02,1,6026,51,424,18,15,Princesa Isabel Vinhos,Isabel de Castro,Sales Representative,Buchanan,Steven,Sales Manager,Manjimup Dried Apples,24,7,50 - 300 g pkgs,53,20,0,10,0,Produce,G'day, Mate,Wendy Mackenzie
10398,400,SAVEA,2,1996-12-30,1997-01-27,1997-01-09,3,8916,35,144,30,0,Save-a-lot Markets,Jose Pavarotti,Sales Representative,Fuller,Andrew,Vice President  Sales,Steeleye Stout,16,1,24 - 12 oz bottles,18,20,0,15,0,Beverages,Bigfoot Breweries,Cheryl Saylor,Regional Account Rep
10398,401,SAVEA,2,1996-12-30,1997-01-27,1997-01-09,3,8916,55,192,120,1,Save-a-lot Markets,Jose Pavarotti,Sales Representative,Fuller,Andrew,Vice President  Sales,Pâté chinois,25,6,24 boxes x 2 pies,24,115,0,20,0,Meat/Poultry,Ma Maison,Jean-Guy Lauzon,Marketing Manager
10399,402,VAFFE,8,1996-12-31,1997-01-14,1997-01-08,3,2736,68,10,60,0,Vaffeljernet,Palle Ibsen,Sales Manager,Callahan,Laura,Inside Sales Coordinator,Scottish Longbreads,8,3,10 boxes x 8 pieces,125,6,10,15,0,Confections,Specialty Biscuits, Ltd,Peter Wilson
10399,403,VAFFE,8,1996-12-31,1997-01-14,1997-01-08,3,2736,71,172,30,0,Vaffeljernet,Palle Ibsen,Sales Manager,Callahan,Laura,Inside Sales Coordinator,Flotemysost,15,4,10 - 500 g pkgs,215,26,0,0,0,Dairy Products,Norske Meierier,Beate Vileid,Marketing Manager
10399,404,VAFFE,8,1996-12-31,1997-01-14,1997-01-08,3,2736,76,144,35,0,Vaffeljernet,Palle Ibsen,Sales Manager,Callahan,Laura,Inside Sales Coordinator,Lakkalikööri,23,1,500 ml,18,57,0,20,0,Beverages,Karkki Oy,Anne Heikkonen,Product Manager
10399,405,VAFFE,8,1996-12-31,1997-01-14,1997-01-08,3,2736,77,104,14,0,Vaffeljernet,Palle Ibsen,Sales Manager,Callahan,Laura,Inside Sales Coordinator,Original Frankfurter grüne SoÁEe,12,2,12 boxes,13,32,0,15,0,Condiments,Plutzer LebensmittelgroÁEmärkte AG,Martin Bein,International Marketing Mgr
10400,406,EASTC,1,1997-01-01,1997-01-29,1997-01-16,3,8393,29,99,21,0,Eastern Connection,Ann Devon,Sales Agent,Davolio,Nancy,Sales Representative,Thüringer Rostbratwurst,12,6,50 bags x 30 sausgs,12379,0,0,0,1,Meat/Poultry,Plutzer LebensmittelgroÁEmärkte AG,Martin Bein,International Marketing Mgr
10400,407,EASTC,1,1997-01-01,1997-01-29,1997-01-16,3,8393,35,144,35,0,Eastern Connection,Ann Devon,Sales Agent,Davolio,Nancy,Sales Representative,Steeleye Stout,16,1,24 - 12 oz bottles,18,20,0,15,0,Beverages,Bigfoot Breweries,Cheryl Saylor,Regional Account Rep
10400,408,EASTC,1,1997-01-01,1997-01-29,1997-01-16,3,8393,49,16,30,0,Eastern Connection,Ann Devon,Sales Agent,Davolio,Nancy,Sales Representative,Maxilaku,23,3,24 - 50 g pkgs,20,10,60,15,0,Confections,Karkki Oy,Anne Heikkonen,Product Manager
10401,409,RATTC,1,1997-01-01,1997-01-29,1997-01-10,1,1251,30,207,18,0,Rattlesnake Canyon Grocery,Paula Wilson,Assistant Sales Representative,Davolio,Nancy,Sales Representative,Nord-Ost Matjeshering,13,8,10 - 200 g glasses,2589,10,0,15,0,Seafood,Nord-Ost-Fisch Handelsgesellschaft mbH,Sven Petersen,Coordinator Foreign Markets
10401,410,RATTC,1,1997-01-01,1997-01-29,1997-01-10,1,1251,56,304,70,0,Rattlesnake Canyon Grocery,Paula Wilson,Assistant Sales Representative,Davolio,Nancy,Sales Representative,Gnocchi di nonna Alice,26,5,24 - 250 g pkgs,38,21,10,30,0,Grains/Cereals,Pasta Buttini srl,Giovanni Giudici,Order Administrator
10401,411,RATTC,1,1997-01-01,1997-01-29,1997-01-10,1,1251,65,168,20,0,Rattlesnake Canyon Grocery,Paula Wilson,Assistant Sales Representative,Davolio,Nancy,Sales Representative,Louisiana Fiery Hot Pepper Sauce,2,2,32 - 8 oz bottles,2105,76,0,0,0,Condiments,New Orleans Cajun Delights,Shelley Burke,Order Administrator
10401,412,RATTC,1,1997-01-01,1997-01-29,1997-01-10,1,1251,71,172,60,0,Rattlesnake Canyon Grocery,Paula Wilson,Assistant Sales Representative,Davolio,Nancy,Sales Representative,Flotemysost,15,4,10 - 500 g pkgs,215,26,0,0,0,Dairy Products,Norske Meierier,Beate Vileid,Marketing Manager
10402,413,ERNSH,8,1997-01-02,1997-02-13,1997-01-10,2,6788,23,72,60,0,Ernst Handel,Roland Mendel,Sales Manager,Callahan,Laura,Inside Sales Coordinator,Tunnbröd,9,5,12 - 250 g pkgs,9,61,0,25,0,Grains/Cereals,PB Knäckebröd AB,Lars Peterson,Sales Agent
10402,414,ERNSH,8,1997-01-02,1997-02-13,1997-01-10,2,6788,63,351,65,0,Ernst Handel,Roland Mendel,Sales Manager,Callahan,Laura,Inside Sales Coordinator,Vegie-spread,7,2,15 - 625 g jars,439,24,0,5,0,Condiments,Pavlova, Ltd,Ian Devling
10403,415,ERNSH,4,1997-01-03,1997-01-31,1997-01-09,3,7379,16,139,21,15,Ernst Handel,Roland Mendel,Sales Manager,Peacock,Margaret,Sales Representative,Pavlova,7,3,32 - 500 g boxes,1745,29,0,10,0,Confections,Pavlova, Ltd,Ian Devling
10403,416,ERNSH,4,1997-01-03,1997-01-31,1997-01-09,3,7379,48,102,70,15,Ernst Handel,Roland Mendel,Sales Manager,Peacock,Margaret,Sales Representative,Chocolade,22,3,10 pkgs,1275,15,70,25,0,Confections,Zaanse Snoepfabriek,Dirk Luchte,Accounting Manager
10404,417,MAGAA,2,1997-01-03,1997-01-31,1997-01-08,1,15597,26,249,30,5,Magazzini Alimentari Riuniti,Giovanni Rovelli,Marketing Manager,Fuller,Andrew,Vice President  Sales,Gumbär Gummibärchen,11,3,100 - 250 g bags,3123,15,0,0,0,Confections,Heli SüÁEwaren GmbH & Co KG,Petra Winkler,Sales Manager
10404,418,MAGAA,2,1997-01-03,1997-01-31,1997-01-08,1,15597,42,112,40,5,Magazzini Alimentari Riuniti,Giovanni Rovelli,Marketing Manager,Fuller,Andrew,Vice President  Sales,Singaporean Hokkien Fried Mee,20,5,32 - 1 kg pkgs,14,26,0,0,1,Grains/Cereals,Leka Trading,Chandra Leka,Owner
10404,419,MAGAA,2,1997-01-03,1997-01-31,1997-01-08,1,15597,49,16,30,5,Magazzini Alimentari Riuniti,Giovanni Rovelli,Marketing Manager,Fuller,Andrew,Vice President  Sales,Maxilaku,23,3,24 - 50 g pkgs,20,10,60,15,0,Confections,Karkki Oy,Anne Heikkonen,Product Manager
10405,420,LINOD,1,1997-01-06,1997-02-03,1997-01-22,1,3482,3,8,50,0,LINO-Delicateses,Felipe Izquierdo,Owner,Davolio,Nancy,Sales Representative,Aniseed Syrup,1,2,12 - 550 ml bottles,10,13,70,25,0,Condiments,Exotic Liquids,Charlotte Cooper,Purchasing Manager
10406,421,QUEEN,7,1997-01-07,1997-02-18,1997-01-13,1,10804,1,144,10,0,Queen Cozinha,Lúcia Carvalho,Marketing Assistant,King,Robert,Sales Representative,Chai,1,1,10 boxes x 20 bags,18,39,0,10,0,Beverages,Exotic Liquids,Charlotte Cooper,Purchasing Manager
10406,422,QUEEN,7,1997-01-07,1997-02-18,1997-01-13,1,10804,21,8,30,1,Queen Cozinha,Lúcia Carvalho,Marketing Assistant,King,Robert,Sales Representative,Sir Rodney's Scones,8,3,24 pkgs x 4 pieces,10,3,40,5,0,Confections,Specialty Biscuits, Ltd,Peter Wilson
10406,423,QUEEN,7,1997-01-07,1997-02-18,1997-01-13,1,10804,28,364,42,1,Queen Cozinha,Lúcia Carvalho,Marketing Assistant,King,Robert,Sales Representative,Rössle Sauerkraut,12,7,25 - 825 g cans,456,26,0,0,1,Produce,Plutzer LebensmittelgroÁEmärkte AG,Martin Bein,International Marketing Mgr
10406,424,QUEEN,7,1997-01-07,1997-02-18,1997-01-13,1,10804,36,152,5,1,Queen Cozinha,Lúcia Carvalho,Marketing Assistant,King,Robert,Sales Representative,Inlagd Sill,17,8,24 - 250 g  jars,19,112,0,20,0,Seafood,Svensk Sjöföda AB,Michael Björn,Sales Representative
10406,425,QUEEN,7,1997-01-07,1997-02-18,1997-01-13,1,10804,40,147,2,1,Queen Cozinha,Lúcia Carvalho,Marketing Assistant,King,Robert,Sales Representative,Boston Crab Meat,19,8,24 - 4 oz tins,184,123,0,30,0,Seafood,New England Seafood Cannery,Robb Merchant,Wholesale Account Agent
10407,426,OTTIK,2,1997-01-07,1997-02-04,1997-01-30,2,9148,11,168,30,0,Ottilies Käseladen,Henriette Pfalzheim,Owner,Fuller,Andrew,Vice President  Sales,Queso Cabrales,5,4,1 kg pkg,21,22,30,30,0,Dairy Products,Cooperativa de Quesos 'Las Cabras',Antonio del Valle Saavedra,Export Administrator
10407,427,OTTIK,2,1997-01-07,1997-02-04,1997-01-30,2,9148,69,288,15,0,Ottilies Käseladen,Henriette Pfalzheim,Owner,Fuller,Andrew,Vice President  Sales,Gudbrandsdalsost,15,4,10 kg pkg,36,26,0,15,0,Dairy Products,Norske Meierier,Beate Vileid,Marketing Manager
10407,428,OTTIK,2,1997-01-07,1997-02-04,1997-01-30,2,9148,71,172,15,0,Ottilies Käseladen,Henriette Pfalzheim,Owner,Fuller,Andrew,Vice President  Sales,Flotemysost,15,4,10 - 500 g pkgs,215,26,0,0,0,Dairy Products,Norske Meierier,Beate Vileid,Marketing Manager
10408,429,FOLIG,8,1997-01-08,1997-02-05,1997-01-14,1,1126,37,208,10,0,Folies gourmandes,Martine Rancé,Assistant Sales Agent,Callahan,Laura,Inside Sales Coordinator,Gravad lax,17,8,12 - 500 g pkgs,26,11,50,25,0,Seafood,Svensk Sjöföda AB,Michael Björn,Sales Representative
10408,430,FOLIG,8,1997-01-08,1997-02-05,1997-01-14,1,1126,54,59,6,0,Folies gourmandes,Martine Rancé,Assistant Sales Agent,Callahan,Laura,Inside Sales Coordinator,Tourtière,25,6,16 pies,745,21,0,10,0,Meat/Poultry,Ma Maison,Jean-Guy Lauzon,Marketing Manager
10408,431,FOLIG,8,1997-01-08,1997-02-05,1997-01-14,1,1126,62,394,35,0,Folies gourmandes,Martine Rancé,Assistant Sales Agent,Callahan,Laura,Inside Sales Coordinator,Tarte au sucre,29,3,48 pies,493,17,0,0,0,Confections,Forêts d'érables,Chantal Goulet,Accounting Manager
10409,432,OCEAN,3,1997-01-09,1997-02-06,1997-01-14,1,2983,14,186,12,0,Océano Atlántico Ltda,Yvonne Moncada,Sales Agent,Leverling,Janet,Sales Representative,Tofu,6,7,40 - 100 g pkgs,2325,35,0,0,0,Produce,Mayumi's,Mayumi Ohno,Marketing Representative
10409,433,OCEAN,3,1997-01-09,1997-02-06,1997-01-14,1,2983,21,8,12,0,Océano Atlántico Ltda,Yvonne Moncada,Sales Agent,Leverling,Janet,Sales Representative,Sir Rodney's Scones,8,3,24 pkgs x 4 pieces,10,3,40,5,0,Confections,Specialty Biscuits, Ltd,Peter Wilson
10410,434,BOTTM,3,1997-01-10,1997-02-07,1997-01-15,3,24,33,2,49,0,Bottom-Dollar Markets,Elizabeth Lincoln,Accounting Manager,Leverling,Janet,Sales Representative,Geitost,15,4,500 g,25,112,0,20,0,Dairy Products,Norske Meierier,Beate Vileid,Marketing Manager
10410,435,BOTTM,3,1997-01-10,1997-02-07,1997-01-15,3,24,59,44,16,0,Bottom-Dollar Markets,Elizabeth Lincoln,Accounting Manager,Leverling,Janet,Sales Representative,Raclette Courdavault,28,4,5 kg pkg,55,79,0,0,0,Dairy Products,Gai pâturage,Eliane Noz,Sales Representative
10411,436,BOTTM,9,1997-01-10,1997-02-07,1997-01-21,3,2365,41,77,25,2,Bottom-Dollar Markets,Elizabeth Lincoln,Accounting Manager,Dodsworth,Anne,Sales Representative,Jack's New England Clam Chowder,19,8,12 - 12 oz cans,965,85,0,10,0,Seafood,New England Seafood Cannery,Robb Merchant,Wholesale Account Agent
10411,437,BOTTM,9,1997-01-10,1997-02-07,1997-01-21,3,2365,44,155,40,2,Bottom-Dollar Markets,Elizabeth Lincoln,Accounting Manager,Dodsworth,Anne,Sales Representative,Gula Malacca,20,2,20 - 2 kg bags,1945,27,0,15,0,Condiments,Leka Trading,Chandra Leka,Owner
10411,438,BOTTM,9,1997-01-10,1997-02-07,1997-01-21,3,2365,59,44,9,2,Bottom-Dollar Markets,Elizabeth Lincoln,Accounting Manager,Dodsworth,Anne,Sales Representative,Raclette Courdavault,28,4,5 kg pkg,55,79,0,0,0,Dairy Products,Gai pâturage,Eliane Noz,Sales Representative
10412,439,WARTH,8,1997-01-13,1997-02-10,1997-01-15,2,377,14,186,20,1,Wartian Herkku,Pirkko Koskitalo,Accounting Manager,Callahan,Laura,Inside Sales Coordinator,Tofu,6,7,40 - 100 g pkgs,2325,35,0,0,0,Produce,Mayumi's,Mayumi Ohno,Marketing Representative
10413,440,LAMAI,3,1997-01-14,1997-02-11,1997-01-16,2,9566,1,144,24,0,La maison d'Asie,Annette Roulet,Sales Manager,Leverling,Janet,Sales Representative,Chai,1,1,10 boxes x 20 bags,18,39,0,10,0,Beverages,Exotic Liquids,Charlotte Cooper,Purchasing Manager
10413,441,LAMAI,3,1997-01-14,1997-02-11,1997-01-16,2,9566,62,394,40,0,La maison d'Asie,Annette Roulet,Sales Manager,Leverling,Janet,Sales Representative,Tarte au sucre,29,3,48 pies,493,17,0,0,0,Confections,Forêts d'érables,Chantal Goulet,Accounting Manager
10413,442,LAMAI,3,1997-01-14,1997-02-11,1997-01-16,2,9566,76,144,14,0,La maison d'Asie,Annette Roulet,Sales Manager,Leverling,Janet,Sales Representative,Lakkalikööri,23,1,500 ml,18,57,0,20,0,Beverages,Karkki Oy,Anne Heikkonen,Product Manager
10414,443,FAMIA,2,1997-01-14,1997-02-11,1997-01-17,3,2148,19,73,18,5,Familia Arquibaldo,Aria Cruz,Marketing Assistant,Fuller,Andrew,Vice President  Sales,Teatime Chocolate Biscuits,8,3,10 boxes x 12 pieces,92,25,0,5,0,Confections,Specialty Biscuits, Ltd,Peter Wilson
10414,444,FAMIA,2,1997-01-14,1997-02-11,1997-01-17,3,2148,33,2,50,0,Familia Arquibaldo,Aria Cruz,Marketing Assistant,Fuller,Andrew,Vice President  Sales,Geitost,15,4,500 g,25,112,0,20,0,Dairy Products,Norske Meierier,Beate Vileid,Marketing Manager
10415,445,HUNGC,3,1997-01-15,1997-02-12,1997-01-24,1,2,17,312,2,0,Hungry Coyote Import Store,Yoshi Latimer,Sales Representative,Leverling,Janet,Sales Representative,Alice Mutton,7,6,20 - 1 kg tins,39,0,0,0,1,Meat/Poultry,Pavlova, Ltd,Ian Devling
10415,446,HUNGC,3,1997-01-15,1997-02-12,1997-01-24,1,2,33,2,20,0,Hungry Coyote Import Store,Yoshi Latimer,Sales Representative,Leverling,Janet,Sales Representative,Geitost,15,4,500 g,25,112,0,20,0,Dairy Products,Norske Meierier,Beate Vileid,Marketing Manager
10416,447,WARTH,8,1997-01-16,1997-02-13,1997-01-27,3,2272,19,73,20,0,Wartian Herkku,Pirkko Koskitalo,Accounting Manager,Callahan,Laura,Inside Sales Coordinator,Teatime Chocolate Biscuits,8,3,10 boxes x 12 pieces,92,25,0,5,0,Confections,Specialty Biscuits, Ltd,Peter Wilson
10416,448,WARTH,8,1997-01-16,1997-02-13,1997-01-27,3,2272,53,262,10,0,Wartian Herkku,Pirkko Koskitalo,Accounting Manager,Callahan,Laura,Inside Sales Coordinator,Perth Pasties,24,6,48 pieces,328,0,0,0,1,Meat/Poultry,G'day, Mate,Wendy Mackenzie
10416,449,WARTH,8,1997-01-16,1997-02-13,1997-01-27,3,2272,57,156,20,0,Wartian Herkku,Pirkko Koskitalo,Accounting Manager,Callahan,Laura,Inside Sales Coordinator,Ravioli Angelo,26,5,24 - 250 g pkgs,195,36,0,20,0,Grains/Cereals,Pasta Buttini srl,Giovanni Giudici,Order Administrator
10417,450,SIMOB,4,1997-01-16,1997-02-13,1997-01-28,3,7029,38,2108,50,0,Simons bistro,Jytte Petersen,Owner,Peacock,Margaret,Sales Representative,Côte de Blaye,18,1,12 - 75 cl bottles,2635,17,0,15,0,Beverages,Aux joyeux ecclésiastiques,Guylène Nodier,Sales Manager
10417,451,SIMOB,4,1997-01-16,1997-02-13,1997-01-28,3,7029,46,96,2,25,Simons bistro,Jytte Petersen,Owner,Peacock,Margaret,Sales Representative,Spegesild,21,8,4 - 450 g glasses,12,95,0,0,0,Seafood,Lyngbysild,Niels Petersen,Sales Manager
10417,452,SIMOB,4,1997-01-16,1997-02-13,1997-01-28,3,7029,68,10,36,25,Simons bistro,Jytte Petersen,Owner,Peacock,Margaret,Sales Representative,Scottish Longbreads,8,3,10 boxes x 8 pieces,125,6,10,15,0,Confections,Specialty Biscuits, Ltd,Peter Wilson
10417,453,SIMOB,4,1997-01-16,1997-02-13,1997-01-28,3,7029,77,104,35,0,Simons bistro,Jytte Petersen,Owner,Peacock,Margaret,Sales Representative,Original Frankfurter grüne SoÁEe,12,2,12 boxes,13,32,0,15,0,Condiments,Plutzer LebensmittelgroÁEmärkte AG,Martin Bein,International Marketing Mgr
10418,454,QUICK,4,1997-01-17,1997-02-14,1997-01-24,1,1755,2,152,60,0,QUICK-Stop,Horst Kloss,Accounting Manager,Peacock,Margaret,Sales Representative,Chang,1,1,24 - 12 oz bottles,19,17,40,25,0,Beverages,Exotic Liquids,Charlotte Cooper,Purchasing Manager
10418,455,QUICK,4,1997-01-17,1997-02-14,1997-01-24,1,1755,47,76,55,0,QUICK-Stop,Horst Kloss,Accounting Manager,Peacock,Margaret,Sales Representative,Zaanse koeken,22,3,10 - 4 oz boxes,95,36,0,0,0,Confections,Zaanse Snoepfabriek,Dirk Luchte,Accounting Manager
10418,456,QUICK,4,1997-01-17,1997-02-14,1997-01-24,1,1755,61,228,16,0,QUICK-Stop,Horst Kloss,Accounting Manager,Peacock,Margaret,Sales Representative,Sirop d'érable,29,2,24 - 500 ml bottles,285,113,0,25,0,Condiments,Forêts d'érables,Chantal Goulet,Accounting Manager
10418,457,QUICK,4,1997-01-17,1997-02-14,1997-01-24,1,1755,74,8,15,0,QUICK-Stop,Horst Kloss,Accounting Manager,Peacock,Margaret,Sales Representative,Longlife Tofu,4,7,5 kg pkg,10,4,20,5,0,Produce,Tokyo Traders,Yoshi Nagase,Marketing Manager
10419,458,RICSU,4,1997-01-20,1997-02-17,1997-01-30,2,13735,60,272,60,5,Richter Supermarkt,Michael Holz,Sales Manager,Peacock,Margaret,Sales Representative,Camembert Pierrot,28,4,15 - 300 g rounds,34,19,0,0,0,Dairy Products,Gai pâturage,Eliane Noz,Sales Representative
10419,459,RICSU,4,1997-01-20,1997-02-17,1997-01-30,2,13735,69,288,20,5,Richter Supermarkt,Michael Holz,Sales Manager,Peacock,Margaret,Sales Representative,Gudbrandsdalsost,15,4,10 kg pkg,36,26,0,15,0,Dairy Products,Norske Meierier,Beate Vileid,Marketing Manager
10420,460,WELLI,3,1997-01-21,1997-02-18,1997-01-27,1,4412,9,776,20,1,Wellington Importadora,Paula Parente,Sales Manager,Leverling,Janet,Sales Representative,Mishi Kobe Niku,4,6,18 - 500 g pkgs,97,29,0,0,1,Meat/Poultry,Tokyo Traders,Yoshi Nagase,Marketing Manager
10420,461,WELLI,3,1997-01-21,1997-02-18,1997-01-27,1,4412,13,48,2,1,Wellington Importadora,Paula Parente,Sales Manager,Leverling,Janet,Sales Representative,Konbu,6,8,2 kg box,6,24,0,5,0,Seafood,Mayumi's,Mayumi Ohno,Marketing Representative
10420,462,WELLI,3,1997-01-21,1997-02-18,1997-01-27,1,4412,70,12,8,1,Wellington Importadora,Paula Parente,Sales Manager,Leverling,Janet,Sales Representative,Outback Lager,7,1,24 - 355 ml bottles,15,15,10,30,0,Beverages,Pavlova, Ltd,Ian Devling
10420,463,WELLI,3,1997-01-21,1997-02-18,1997-01-27,1,4412,73,12,20,1,Wellington Importadora,Paula Parente,Sales Manager,Leverling,Janet,Sales Representative,Röd Kaviar,17,8,24 - 150 g jars,15,101,0,5,0,Seafood,Svensk Sjöföda AB,Michael Björn,Sales Representative
10421,464,QUEDE,8,1997-01-21,1997-03-04,1997-01-27,1,9923,19,73,4,15,Que Delícia,Bernardo Batista,Accounting Manager,Callahan,Laura,Inside Sales Coordinator,Teatime Chocolate Biscuits,8,3,10 boxes x 12 pieces,92,25,0,5,0,Confections,Specialty Biscuits, Ltd,Peter Wilson
10421,465,QUEDE,8,1997-01-21,1997-03-04,1997-01-27,1,9923,26,249,30,0,Que Delícia,Bernardo Batista,Accounting Manager,Callahan,Laura,Inside Sales Coordinator,Gumbär Gummibärchen,11,3,100 - 250 g bags,3123,15,0,0,0,Confections,Heli SüÁEwaren GmbH & Co KG,Petra Winkler,Sales Manager
10421,466,QUEDE,8,1997-01-21,1997-03-04,1997-01-27,1,9923,53,262,15,15,Que Delícia,Bernardo Batista,Accounting Manager,Callahan,Laura,Inside Sales Coordinator,Perth Pasties,24,6,48 pieces,328,0,0,0,1,Meat/Poultry,G'day, Mate,Wendy Mackenzie
10421,467,QUEDE,8,1997-01-21,1997-03-04,1997-01-27,1,9923,77,104,10,15,Que Delícia,Bernardo Batista,Accounting Manager,Callahan,Laura,Inside Sales Coordinator,Original Frankfurter grüne SoÁEe,12,2,12 boxes,13,32,0,15,0,Condiments,Plutzer LebensmittelgroÁEmärkte AG,Martin Bein,International Marketing Mgr
10422,468,FRANS,2,1997-01-22,1997-02-19,1997-01-31,1,302,26,249,2,0,Franchi SpA,Paolo Accorti,Sales Representative,Fuller,Andrew,Vice President  Sales,Gumbär Gummibärchen,11,3,100 - 250 g bags,3123,15,0,0,0,Confections,Heli SüÁEwaren GmbH & Co KG,Petra Winkler,Sales Manager
10423,469,GOURL,6,1997-01-23,1997-02-06,1997-02-24,3,245,31,10,14,0,Gourmet Lanchonetes,André Fonseca,Sales Associate,Suyama,Michael,Sales Representative,Gorgonzola Telino,14,4,12 - 100 g pkgs,125,0,70,20,0,Dairy Products,Formaggi Fortini srl,Elio Rossi,Sales Representative
10423,470,GOURL,6,1997-01-23,1997-02-06,1997-02-24,3,245,59,44,20,0,Gourmet Lanchonetes,André Fonseca,Sales Associate,Suyama,Michael,Sales Representative,Raclette Courdavault,28,4,5 kg pkg,55,79,0,0,0,Dairy Products,Gai pâturage,Eliane Noz,Sales Representative
10424,471,MEREP,7,1997-01-23,1997-02-20,1997-01-27,2,37061,35,144,60,2,Mère Paillarde,Jean Fresnière,Marketing Assistant,King,Robert,Sales Representative,Steeleye Stout,16,1,24 - 12 oz bottles,18,20,0,15,0,Beverages,Bigfoot Breweries,Cheryl Saylor,Regional Account Rep
10424,472,MEREP,7,1997-01-23,1997-02-20,1997-01-27,2,37061,38,2108,49,2,Mère Paillarde,Jean Fresnière,Marketing Assistant,King,Robert,Sales Representative,Côte de Blaye,18,1,12 - 75 cl bottles,2635,17,0,15,0,Beverages,Aux joyeux ecclésiastiques,Guylène Nodier,Sales Manager
10424,473,MEREP,7,1997-01-23,1997-02-20,1997-01-27,2,37061,68,10,30,2,Mère Paillarde,Jean Fresnière,Marketing Assistant,King,Robert,Sales Representative,Scottish Longbreads,8,3,10 boxes x 8 pieces,125,6,10,15,0,Confections,Specialty Biscuits, Ltd,Peter Wilson
10425,474,LAMAI,6,1997-01-24,1997-02-21,1997-02-14,2,793,55,192,10,25,La maison d'Asie,Annette Roulet,Sales Manager,Suyama,Michael,Sales Representative,Pâté chinois,25,6,24 boxes x 2 pies,24,115,0,20,0,Meat/Poultry,Ma Maison,Jean-Guy Lauzon,Marketing Manager
10425,475,LAMAI,6,1997-01-24,1997-02-21,1997-02-14,2,793,76,144,20,25,La maison d'Asie,Annette Roulet,Sales Manager,Suyama,Michael,Sales Representative,Lakkalikööri,23,1,500 ml,18,57,0,20,0,Beverages,Karkki Oy,Anne Heikkonen,Product Manager
10426,476,GALED,4,1997-01-27,1997-02-24,1997-02-06,1,1869,56,304,5,0,Galería del gastrónomo,Eduardo Saavedra,Marketing Manager,Peacock,Margaret,Sales Representative,Gnocchi di nonna Alice,26,5,24 - 250 g pkgs,38,21,10,30,0,Grains/Cereals,Pasta Buttini srl,Giovanni Giudici,Order Administrator
10426,477,GALED,4,1997-01-27,1997-02-24,1997-02-06,1,1869,64,266,7,0,Galería del gastrónomo,Eduardo Saavedra,Marketing Manager,Peacock,Margaret,Sales Representative,Wimmers gute Semmelknödel,12,5,20 bags x 4 pieces,3325,22,80,30,0,Grains/Cereals,Plutzer LebensmittelgroÁEmärkte AG,Martin Bein,International Marketing Mgr
10427,478,PICCO,4,1997-01-27,1997-02-24,1997-03-03,2,3129,14,186,35,0,Piccolo und mehr,Georg Pipps,Sales Manager,Peacock,Margaret,Sales Representative,Tofu,6,7,40 - 100 g pkgs,2325,35,0,0,0,Produce,Mayumi's,Mayumi Ohno,Marketing Representative
10428,479,REGGC,7,1997-01-28,1997-02-25,1997-02-04,1,1109,46,96,20,0,Reggiani Caseifici,Maurizio Moroni,Sales Associate,King,Robert,Sales Representative,Spegesild,21,8,4 - 450 g glasses,12,95,0,0,0,Seafood,Lyngbysild,Niels Petersen,Sales Manager
10429,480,HUNGO,3,1997-01-29,1997-03-12,1997-02-07,2,5663,50,13,40,0,Hungry Owl All-Night Grocers,Patricia McKenna,Sales Associate,Leverling,Janet,Sales Representative,Valkoinen suklaa,23,3,12 - 100 g bars,1625,65,0,30,0,Confections,Karkki Oy,Anne Heikkonen,Product Manager
10429,481,HUNGO,3,1997-01-29,1997-03-12,1997-02-07,2,5663,63,351,35,25,Hungry Owl All-Night Grocers,Patricia McKenna,Sales Associate,Leverling,Janet,Sales Representative,Vegie-spread,7,2,15 - 625 g jars,439,24,0,5,0,Condiments,Pavlova, Ltd,Ian Devling
10430,482,ERNSH,4,1997-01-30,1997-02-13,1997-02-03,1,45878,17,312,45,2,Ernst Handel,Roland Mendel,Sales Manager,Peacock,Margaret,Sales Representative,Alice Mutton,7,6,20 - 1 kg tins,39,0,0,0,1,Meat/Poultry,Pavlova, Ltd,Ian Devling
10430,483,ERNSH,4,1997-01-30,1997-02-13,1997-02-03,1,45878,21,8,50,0,Ernst Handel,Roland Mendel,Sales Manager,Peacock,Margaret,Sales Representative,Sir Rodney's Scones,8,3,24 pkgs x 4 pieces,10,3,40,5,0,Confections,Specialty Biscuits, Ltd,Peter Wilson
10430,484,ERNSH,4,1997-01-30,1997-02-13,1997-02-03,1,45878,56,304,30,0,Ernst Handel,Roland Mendel,Sales Manager,Peacock,Margaret,Sales Representative,Gnocchi di nonna Alice,26,5,24 - 250 g pkgs,38,21,10,30,0,Grains/Cereals,Pasta Buttini srl,Giovanni Giudici,Order Administrator
10430,485,ERNSH,4,1997-01-30,1997-02-13,1997-02-03,1,45878,59,44,70,2,Ernst Handel,Roland Mendel,Sales Manager,Peacock,Margaret,Sales Representative,Raclette Courdavault,28,4,5 kg pkg,55,79,0,0,0,Dairy Products,Gai pâturage,Eliane Noz,Sales Representative
10431,486,BOTTM,4,1997-01-30,1997-02-13,1997-02-07,2,4417,17,312,50,25,Bottom-Dollar Markets,Elizabeth Lincoln,Accounting Manager,Peacock,Margaret,Sales Representative,Alice Mutton,7,6,20 - 1 kg tins,39,0,0,0,1,Meat/Poultry,Pavlova, Ltd,Ian Devling
10431,487,BOTTM,4,1997-01-30,1997-02-13,1997-02-07,2,4417,40,147,50,25,Bottom-Dollar Markets,Elizabeth Lincoln,Accounting Manager,Peacock,Margaret,Sales Representative,Boston Crab Meat,19,8,24 - 4 oz tins,184,123,0,30,0,Seafood,New England Seafood Cannery,Robb Merchant,Wholesale Account Agent
10431,488,BOTTM,4,1997-01-30,1997-02-13,1997-02-07,2,4417,47,76,30,25,Bottom-Dollar Markets,Elizabeth Lincoln,Accounting Manager,Peacock,Margaret,Sales Representative,Zaanse koeken,22,3,10 - 4 oz boxes,95,36,0,0,0,Confections,Zaanse Snoepfabriek,Dirk Luchte,Accounting Manager
10432,489,SPLIR,3,1997-01-31,1997-02-14,1997-02-07,2,434,26,249,10,0,Split Rail Beer & Ale,Art Braunschweiger,Sales Manager,Leverling,Janet,Sales Representative,Gumbär Gummibärchen,11,3,100 - 250 g bags,3123,15,0,0,0,Confections,Heli SüÁEwaren GmbH & Co KG,Petra Winkler,Sales Manager
10432,490,SPLIR,3,1997-01-31,1997-02-14,1997-02-07,2,434,54,59,40,0,Split Rail Beer & Ale,Art Braunschweiger,Sales Manager,Leverling,Janet,Sales Representative,Tourtière,25,6,16 pies,745,21,0,10,0,Meat/Poultry,Ma Maison,Jean-Guy Lauzon,Marketing Manager
10433,491,PRINI,3,1997-02-03,1997-03-03,1997-03-04,3,7383,56,304,28,0,Princesa Isabel Vinhos,Isabel de Castro,Sales Representative,Leverling,Janet,Sales Representative,Gnocchi di nonna Alice,26,5,24 - 250 g pkgs,38,21,10,30,0,Grains/Cereals,Pasta Buttini srl,Giovanni Giudici,Order Administrator
10434,492,FOLKO,3,1997-02-03,1997-03-03,1997-02-13,2,1792,11,168,6,0,Folk och fä HB,Maria Larsson,Owner,Leverling,Janet,Sales Representative,Queso Cabrales,5,4,1 kg pkg,21,22,30,30,0,Dairy Products,Cooperativa de Quesos 'Las Cabras',Antonio del Valle Saavedra,Export Administrator
10434,493,FOLKO,3,1997-02-03,1997-03-03,1997-02-13,2,1792,76,144,18,15,Folk och fä HB,Maria Larsson,Owner,Leverling,Janet,Sales Representative,Lakkalikööri,23,1,500 ml,18,57,0,20,0,Beverages,Karkki Oy,Anne Heikkonen,Product Manager
10435,494,CONSH,8,1997-02-04,1997-03-18,1997-02-07,2,921,2,152,10,0,Consolidated Holdings,Elizabeth Brown,Sales Representative,Callahan,Laura,Inside Sales Coordinator,Chang,1,1,24 - 12 oz bottles,19,17,40,25,0,Beverages,Exotic Liquids,Charlotte Cooper,Purchasing Manager
10435,495,CONSH,8,1997-02-04,1997-03-18,1997-02-07,2,921,22,168,12,0,Consolidated Holdings,Elizabeth Brown,Sales Representative,Callahan,Laura,Inside Sales Coordinator,Gustaf's Knäckebröd,9,5,24 - 500 g pkgs,21,104,0,25,0,Grains/Cereals,PB Knäckebröd AB,Lars Peterson,Sales Agent
10435,496,CONSH,8,1997-02-04,1997-03-18,1997-02-07,2,921,72,278,10,0,Consolidated Holdings,Elizabeth Brown,Sales Representative,Callahan,Laura,Inside Sales Coordinator,Mozzarella di Giovanni,14,4,24 - 200 g pkgs,348,14,0,0,0,Dairy Products,Formaggi Fortini srl,Elio Rossi,Sales Representative
10436,497,BLONP,3,1997-02-05,1997-03-05,1997-02-11,2,15666,46,96,5,0,Blondesddsl père et fils,Frédérique Citeaux,Marketing Manager,Leverling,Janet,Sales Representative,Spegesild,21,8,4 - 450 g glasses,12,95,0,0,0,Seafood,Lyngbysild,Niels Petersen,Sales Manager
10436,498,BLONP,3,1997-02-05,1997-03-05,1997-02-11,2,15666,56,304,40,1,Blondesddsl père et fils,Frédérique Citeaux,Marketing Manager,Leverling,Janet,Sales Representative,Gnocchi di nonna Alice,26,5,24 - 250 g pkgs,38,21,10,30,0,Grains/Cereals,Pasta Buttini srl,Giovanni Giudici,Order Administrator
10436,499,BLONP,3,1997-02-05,1997-03-05,1997-02-11,2,15666,64,266,30,1,Blondesddsl père et fils,Frédérique Citeaux,Marketing Manager,Leverling,Janet,Sales Representative,Wimmers gute Semmelknödel,12,5,20 bags x 4 pieces,3325,22,80,30,0,Grains/Cereals,Plutzer LebensmittelgroÁEmärkte AG,Martin Bein,International Marketing Mgr
10436,500,BLONP,3,1997-02-05,1997-03-05,1997-02-11,2,15666,75,62,24,1,Blondesddsl père et fils,Frédérique Citeaux,Marketing Manager,Leverling,Janet,Sales Representative,Rhönbräu Klosterbier,12,1,24 - 05 l bottles,775,125,0,25,0,Beverages,Plutzer LebensmittelgroÁEmärkte AG,Martin Bein,International Marketing Mgr
10437,501,WARTH,8,1997-02-05,1997-03-05,1997-02-12,1,1997,53,262,15,0,Wartian Herkku,Pirkko Koskitalo,Accounting Manager,Callahan,Laura,Inside Sales Coordinator,Perth Pasties,24,6,48 pieces,328,0,0,0,1,Meat/Poultry,G'day, Mate,Wendy Mackenzie
10438,502,TOMSP,3,1997-02-06,1997-03-06,1997-02-14,2,824,19,73,15,2,Toms Spezialitäten,Karin Josephs,Marketing Manager,Leverling,Janet,Sales Representative,Teatime Chocolate Biscuits,8,3,10 boxes x 12 pieces,92,25,0,5,0,Confections,Specialty Biscuits, Ltd,Peter Wilson
10438,503,TOMSP,3,1997-02-06,1997-03-06,1997-02-14,2,824,34,112,20,2,Toms Spezialitäten,Karin Josephs,Marketing Manager,Leverling,Janet,Sales Representative,Sasquatch Ale,16,1,24 - 12 oz bottles,14,111,0,15,0,Beverages,Bigfoot Breweries,Cheryl Saylor,Regional Account Rep
10438,504,TOMSP,3,1997-02-06,1997-03-06,1997-02-14,2,824,57,156,15,2,Toms Spezialitäten,Karin Josephs,Marketing Manager,Leverling,Janet,Sales Representative,Ravioli Angelo,26,5,24 - 250 g pkgs,195,36,0,20,0,Grains/Cereals,Pasta Buttini srl,Giovanni Giudici,Order Administrator
10439,505,MEREP,6,1997-02-07,1997-03-07,1997-02-10,3,407,12,304,15,0,Mère Paillarde,Jean Fresnière,Marketing Assistant,Suyama,Michael,Sales Representative,Queso Manchego La Pastora,5,4,10 - 500 g pkgs,38,86,0,0,0,Dairy Products,Cooperativa de Quesos 'Las Cabras',Antonio del Valle Saavedra,Export Administrator
10439,506,MEREP,6,1997-02-07,1997-03-07,1997-02-10,3,407,16,139,16,0,Mère Paillarde,Jean Fresnière,Marketing Assistant,Suyama,Michael,Sales Representative,Pavlova,7,3,32 - 500 g boxes,1745,29,0,10,0,Confections,Pavlova, Ltd,Ian Devling
10439,507,MEREP,6,1997-02-07,1997-03-07,1997-02-10,3,407,64,266,6,0,Mère Paillarde,Jean Fresnière,Marketing Assistant,Suyama,Michael,Sales Representative,Wimmers gute Semmelknödel,12,5,20 bags x 4 pieces,3325,22,80,30,0,Grains/Cereals,Plutzer LebensmittelgroÁEmärkte AG,Martin Bein,International Marketing Mgr
10439,508,MEREP,6,1997-02-07,1997-03-07,1997-02-10,3,407,74,8,30,0,Mère Paillarde,Jean Fresnière,Marketing Assistant,Suyama,Michael,Sales Representative,Longlife Tofu,4,7,5 kg pkg,10,4,20,5,0,Produce,Tokyo Traders,Yoshi Nagase,Marketing Manager
10440,509,SAVEA,4,1997-02-10,1997-03-10,1997-02-28,2,8653,2,152,45,15,Save-a-lot Markets,Jose Pavarotti,Sales Representative,Peacock,Margaret,Sales Representative,Chang,1,1,24 - 12 oz bottles,19,17,40,25,0,Beverages,Exotic Liquids,Charlotte Cooper,Purchasing Manager
10440,510,SAVEA,4,1997-02-10,1997-03-10,1997-02-28,2,8653,16,139,49,15,Save-a-lot Markets,Jose Pavarotti,Sales Representative,Peacock,Margaret,Sales Representative,Pavlova,7,3,32 - 500 g boxes,1745,29,0,10,0,Confections,Pavlova, Ltd,Ian Devling
10440,511,SAVEA,4,1997-02-10,1997-03-10,1997-02-28,2,8653,29,99,24,15,Save-a-lot Markets,Jose Pavarotti,Sales Representative,Peacock,Margaret,Sales Representative,Thüringer Rostbratwurst,12,6,50 bags x 30 sausgs,12379,0,0,0,1,Meat/Poultry,Plutzer LebensmittelgroÁEmärkte AG,Martin Bein,International Marketing Mgr
10440,512,SAVEA,4,1997-02-10,1997-03-10,1997-02-28,2,8653,61,228,90,15,Save-a-lot Markets,Jose Pavarotti,Sales Representative,Peacock,Margaret,Sales Representative,Sirop d'érable,29,2,24 - 500 ml bottles,285,113,0,25,0,Condiments,Forêts d'érables,Chantal Goulet,Accounting Manager
10441,513,OLDWO,3,1997-02-10,1997-03-24,1997-03-14,2,7302,27,351,50,0,Old World Delicatessen,Rene Phillips,Sales Representative,Leverling,Janet,Sales Representative,Schoggi Schokolade,11,3,100 - 100 g pieces,439,49,0,30,0,Confections,Heli SüÁEwaren GmbH & Co KG,Petra Winkler,Sales Manager
10442,514,ERNSH,3,1997-02-11,1997-03-11,1997-02-18,2,4794,11,168,30,0,Ernst Handel,Roland Mendel,Sales Manager,Leverling,Janet,Sales Representative,Queso Cabrales,5,4,1 kg pkg,21,22,30,30,0,Dairy Products,Cooperativa de Quesos 'Las Cabras',Antonio del Valle Saavedra,Export Administrator
10442,515,ERNSH,3,1997-02-11,1997-03-11,1997-02-18,2,4794,54,59,80,0,Ernst Handel,Roland Mendel,Sales Manager,Leverling,Janet,Sales Representative,Tourtière,25,6,16 pies,745,21,0,10,0,Meat/Poultry,Ma Maison,Jean-Guy Lauzon,Marketing Manager
10442,516,ERNSH,3,1997-02-11,1997-03-11,1997-02-18,2,4794,66,136,60,0,Ernst Handel,Roland Mendel,Sales Manager,Leverling,Janet,Sales Representative,Louisiana Hot Spiced Okra,2,2,24 - 8 oz jars,17,4,100,20,0,Condiments,New Orleans Cajun Delights,Shelley Burke,Order Administrator
10443,517,REGGC,8,1997-02-12,1997-03-12,1997-02-14,1,1395,11,168,6,2,Reggiani Caseifici,Maurizio Moroni,Sales Associate,Callahan,Laura,Inside Sales Coordinator,Queso Cabrales,5,4,1 kg pkg,21,22,30,30,0,Dairy Products,Cooperativa de Quesos 'Las Cabras',Antonio del Valle Saavedra,Export Administrator
10443,518,REGGC,8,1997-02-12,1997-03-12,1997-02-14,1,1395,28,364,12,0,Reggiani Caseifici,Maurizio Moroni,Sales Associate,Callahan,Laura,Inside Sales Coordinator,Rössle Sauerkraut,12,7,25 - 825 g cans,456,26,0,0,1,Produce,Plutzer LebensmittelgroÁEmärkte AG,Martin Bein,International Marketing Mgr
10444,519,BERGS,3,1997-02-12,1997-03-12,1997-02-21,3,35,17,312,10,0,Berglunds snabbköp,Christina Berglund,Order Administrator,Leverling,Janet,Sales Representative,Alice Mutton,7,6,20 - 1 kg tins,39,0,0,0,1,Meat/Poultry,Pavlova, Ltd,Ian Devling
10444,520,BERGS,3,1997-02-12,1997-03-12,1997-02-21,3,35,26,249,15,0,Berglunds snabbköp,Christina Berglund,Order Administrator,Leverling,Janet,Sales Representative,Gumbär Gummibärchen,11,3,100 - 250 g bags,3123,15,0,0,0,Confections,Heli SüÁEwaren GmbH & Co KG,Petra Winkler,Sales Manager
10444,521,BERGS,3,1997-02-12,1997-03-12,1997-02-21,3,35,35,144,8,0,Berglunds snabbköp,Christina Berglund,Order Administrator,Leverling,Janet,Sales Representative,Steeleye Stout,16,1,24 - 12 oz bottles,18,20,0,15,0,Beverages,Bigfoot Breweries,Cheryl Saylor,Regional Account Rep
10444,522,BERGS,3,1997-02-12,1997-03-12,1997-02-21,3,35,41,77,30,0,Berglunds snabbköp,Christina Berglund,Order Administrator,Leverling,Janet,Sales Representative,Jack's New England Clam Chowder,19,8,12 - 12 oz cans,965,85,0,10,0,Seafood,New England Seafood Cannery,Robb Merchant,Wholesale Account Agent
10445,523,BERGS,3,1997-02-13,1997-03-13,1997-02-20,1,93,39,144,6,0,Berglunds snabbköp,Christina Berglund,Order Administrator,Leverling,Janet,Sales Representative,Chartreuse verte,18,1,750 cc per bottle,18,69,0,5,0,Beverages,Aux joyeux ecclésiastiques,Guylène Nodier,Sales Manager
10445,524,BERGS,3,1997-02-13,1997-03-13,1997-02-20,1,93,54,59,15,0,Berglunds snabbköp,Christina Berglund,Order Administrator,Leverling,Janet,Sales Representative,Tourtière,25,6,16 pies,745,21,0,10,0,Meat/Poultry,Ma Maison,Jean-Guy Lauzon,Marketing Manager
10446,525,TOMSP,6,1997-02-14,1997-03-14,1997-02-19,1,1468,19,73,12,1,Toms Spezialitäten,Karin Josephs,Marketing Manager,Suyama,Michael,Sales Representative,Teatime Chocolate Biscuits,8,3,10 boxes x 12 pieces,92,25,0,5,0,Confections,Specialty Biscuits, Ltd,Peter Wilson
10446,526,TOMSP,6,1997-02-14,1997-03-14,1997-02-19,1,1468,24,36,20,1,Toms Spezialitäten,Karin Josephs,Marketing Manager,Suyama,Michael,Sales Representative,Guaraná Fantástica,10,1,12 - 355 ml cans,45,20,0,0,1,Beverages,Refrescos Americanas LTDA,Carlos Diaz,Marketing Manager
10446,527,TOMSP,6,1997-02-14,1997-03-14,1997-02-19,1,1468,31,10,3,1,Toms Spezialitäten,Karin Josephs,Marketing Manager,Suyama,Michael,Sales Representative,Gorgonzola Telino,14,4,12 - 100 g pkgs,125,0,70,20,0,Dairy Products,Formaggi Fortini srl,Elio Rossi,Sales Representative
10446,528,TOMSP,6,1997-02-14,1997-03-14,1997-02-19,1,1468,52,56,15,1,Toms Spezialitäten,Karin Josephs,Marketing Manager,Suyama,Michael,Sales Representative,Filo Mix,24,5,16 - 2 kg boxes,7,38,0,25,0,Grains/Cereals,G'day, Mate,Wendy Mackenzie
10447,529,RICAR,4,1997-02-14,1997-03-14,1997-03-07,2,6866,19,73,40,0,Ricardo Adocicados,Janete Limeira,Assistant Sales Agent,Peacock,Margaret,Sales Representative,Teatime Chocolate Biscuits,8,3,10 boxes x 12 pieces,92,25,0,5,0,Confections,Specialty Biscuits, Ltd,Peter Wilson
10447,530,RICAR,4,1997-02-14,1997-03-14,1997-03-07,2,6866,65,168,35,0,Ricardo Adocicados,Janete Limeira,Assistant Sales Agent,Peacock,Margaret,Sales Representative,Louisiana Fiery Hot Pepper Sauce,2,2,32 - 8 oz bottles,2105,76,0,0,0,Condiments,New Orleans Cajun Delights,Shelley Burke,Order Administrator
10447,531,RICAR,4,1997-02-14,1997-03-14,1997-03-07,2,6866,71,172,2,0,Ricardo Adocicados,Janete Limeira,Assistant Sales Agent,Peacock,Margaret,Sales Representative,Flotemysost,15,4,10 - 500 g pkgs,215,26,0,0,0,Dairy Products,Norske Meierier,Beate Vileid,Marketing Manager
10448,532,RANCH,4,1997-02-17,1997-03-17,1997-02-24,2,3882,26,249,6,0,Rancho grande,Sergio Gutiérrez,Sales Representative,Peacock,Margaret,Sales Representative,Gumbär Gummibärchen,11,3,100 - 250 g bags,3123,15,0,0,0,Confections,Heli SüÁEwaren GmbH & Co KG,Petra Winkler,Sales Manager
10448,533,RANCH,4,1997-02-17,1997-03-17,1997-02-24,2,3882,40,147,20,0,Rancho grande,Sergio Gutiérrez,Sales Representative,Peacock,Margaret,Sales Representative,Boston Crab Meat,19,8,24 - 4 oz tins,184,123,0,30,0,Seafood,New England Seafood Cannery,Robb Merchant,Wholesale Account Agent
10449,534,BLONP,3,1997-02-18,1997-03-18,1997-02-27,2,533,10,248,14,0,Blondesddsl père et fils,Frédérique Citeaux,Marketing Manager,Leverling,Janet,Sales Representative,Ikura,4,8,12 - 200 ml jars,31,31,0,0,0,Seafood,Tokyo Traders,Yoshi Nagase,Marketing Manager
10449,535,BLONP,3,1997-02-18,1997-03-18,1997-02-27,2,533,52,56,20,0,Blondesddsl père et fils,Frédérique Citeaux,Marketing Manager,Leverling,Janet,Sales Representative,Filo Mix,24,5,16 - 2 kg boxes,7,38,0,25,0,Grains/Cereals,G'day, Mate,Wendy Mackenzie
10449,536,BLONP,3,1997-02-18,1997-03-18,1997-02-27,2,533,62,394,35,0,Blondesddsl père et fils,Frédérique Citeaux,Marketing Manager,Leverling,Janet,Sales Representative,Tarte au sucre,29,3,48 pies,493,17,0,0,0,Confections,Forêts d'érables,Chantal Goulet,Accounting Manager
10450,537,VICTE,8,1997-02-19,1997-03-19,1997-03-11,2,723,10,248,20,2,Victuailles en stock,Mary Saveley,Sales Agent,Callahan,Laura,Inside Sales Coordinator,Ikura,4,8,12 - 200 ml jars,31,31,0,0,0,Seafood,Tokyo Traders,Yoshi Nagase,Marketing Manager
10450,538,VICTE,8,1997-02-19,1997-03-19,1997-03-11,2,723,54,59,6,2,Victuailles en stock,Mary Saveley,Sales Agent,Callahan,Laura,Inside Sales Coordinator,Tourtière,25,6,16 pies,745,21,0,10,0,Meat/Poultry,Ma Maison,Jean-Guy Lauzon,Marketing Manager
10451,539,QUICK,4,1997-02-19,1997-03-05,1997-03-12,3,18909,55,192,120,1,QUICK-Stop,Horst Kloss,Accounting Manager,Peacock,Margaret,Sales Representative,Pâté chinois,25,6,24 boxes x 2 pies,24,115,0,20,0,Meat/Poultry,Ma Maison,Jean-Guy Lauzon,Marketing Manager
10451,540,QUICK,4,1997-02-19,1997-03-05,1997-03-12,3,18909,64,266,35,1,QUICK-Stop,Horst Kloss,Accounting Manager,Peacock,Margaret,Sales Representative,Wimmers gute Semmelknödel,12,5,20 bags x 4 pieces,3325,22,80,30,0,Grains/Cereals,Plutzer LebensmittelgroÁEmärkte AG,Martin Bein,International Marketing Mgr
10451,541,QUICK,4,1997-02-19,1997-03-05,1997-03-12,3,18909,65,168,28,1,QUICK-Stop,Horst Kloss,Accounting Manager,Peacock,Margaret,Sales Representative,Louisiana Fiery Hot Pepper Sauce,2,2,32 - 8 oz bottles,2105,76,0,0,0,Condiments,New Orleans Cajun Delights,Shelley Burke,Order Administrator
10451,542,QUICK,4,1997-02-19,1997-03-05,1997-03-12,3,18909,77,104,55,1,QUICK-Stop,Horst Kloss,Accounting Manager,Peacock,Margaret,Sales Representative,Original Frankfurter grüne SoÁEe,12,2,12 boxes,13,32,0,15,0,Condiments,Plutzer LebensmittelgroÁEmärkte AG,Martin Bein,International Marketing Mgr
10452,543,SAVEA,8,1997-02-20,1997-03-20,1997-02-26,1,14026,28,364,15,0,Save-a-lot Markets,Jose Pavarotti,Sales Representative,Callahan,Laura,Inside Sales Coordinator,Rössle Sauerkraut,12,7,25 - 825 g cans,456,26,0,0,1,Produce,Plutzer LebensmittelgroÁEmärkte AG,Martin Bein,International Marketing Mgr
10452,544,SAVEA,8,1997-02-20,1997-03-20,1997-02-26,1,14026,44,155,100,5,Save-a-lot Markets,Jose Pavarotti,Sales Representative,Callahan,Laura,Inside Sales Coordinator,Gula Malacca,20,2,20 - 2 kg bags,1945,27,0,15,0,Condiments,Leka Trading,Chandra Leka,Owner
10453,545,AROUT,1,1997-02-21,1997-03-21,1997-02-26,2,2536,48,102,15,1,Around the Horn,Thomas Hardy,Sales Representative,Davolio,Nancy,Sales Representative,Chocolade,22,3,10 pkgs,1275,15,70,25,0,Confections,Zaanse Snoepfabriek,Dirk Luchte,Accounting Manager
10453,546,AROUT,1,1997-02-21,1997-03-21,1997-02-26,2,2536,70,12,25,1,Around the Horn,Thomas Hardy,Sales Representative,Davolio,Nancy,Sales Representative,Outback Lager,7,1,24 - 355 ml bottles,15,15,10,30,0,Beverages,Pavlova, Ltd,Ian Devling
10454,547,LAMAI,4,1997-02-21,1997-03-21,1997-02-25,3,274,16,139,20,2,La maison d'Asie,Annette Roulet,Sales Manager,Peacock,Margaret,Sales Representative,Pavlova,7,3,32 - 500 g boxes,1745,29,0,10,0,Confections,Pavlova, Ltd,Ian Devling
10454,548,LAMAI,4,1997-02-21,1997-03-21,1997-02-25,3,274,33,2,20,2,La maison d'Asie,Annette Roulet,Sales Manager,Peacock,Margaret,Sales Representative,Geitost,15,4,500 g,25,112,0,20,0,Dairy Products,Norske Meierier,Beate Vileid,Marketing Manager
10454,549,LAMAI,4,1997-02-21,1997-03-21,1997-02-25,3,274,46,96,10,2,La maison d'Asie,Annette Roulet,Sales Manager,Peacock,Margaret,Sales Representative,Spegesild,21,8,4 - 450 g glasses,12,95,0,0,0,Seafood,Lyngbysild,Niels Petersen,Sales Manager
10455,550,WARTH,8,1997-02-24,1997-04-07,1997-03-03,2,18045,39,144,20,0,Wartian Herkku,Pirkko Koskitalo,Accounting Manager,Callahan,Laura,Inside Sales Coordinator,Chartreuse verte,18,1,750 cc per bottle,18,69,0,5,0,Beverages,Aux joyeux ecclésiastiques,Guylène Nodier,Sales Manager
10455,551,WARTH,8,1997-02-24,1997-04-07,1997-03-03,2,18045,53,262,50,0,Wartian Herkku,Pirkko Koskitalo,Accounting Manager,Callahan,Laura,Inside Sales Coordinator,Perth Pasties,24,6,48 pieces,328,0,0,0,1,Meat/Poultry,G'day, Mate,Wendy Mackenzie
10455,552,WARTH,8,1997-02-24,1997-04-07,1997-03-03,2,18045,61,228,25,0,Wartian Herkku,Pirkko Koskitalo,Accounting Manager,Callahan,Laura,Inside Sales Coordinator,Sirop d'érable,29,2,24 - 500 ml bottles,285,113,0,25,0,Condiments,Forêts d'érables,Chantal Goulet,Accounting Manager
10455,553,WARTH,8,1997-02-24,1997-04-07,1997-03-03,2,18045,71,172,30,0,Wartian Herkku,Pirkko Koskitalo,Accounting Manager,Callahan,Laura,Inside Sales Coordinator,Flotemysost,15,4,10 - 500 g pkgs,215,26,0,0,0,Dairy Products,Norske Meierier,Beate Vileid,Marketing Manager
10456,554,KOENE,8,1997-02-25,1997-04-08,1997-02-28,2,812,21,8,40,15,Königlich Essen,Philip Cramer,Sales Associate,Callahan,Laura,Inside Sales Coordinator,Sir Rodney's Scones,8,3,24 pkgs x 4 pieces,10,3,40,5,0,Confections,Specialty Biscuits, Ltd,Peter Wilson
10456,555,KOENE,8,1997-02-25,1997-04-08,1997-02-28,2,812,49,16,21,15,Königlich Essen,Philip Cramer,Sales Associate,Callahan,Laura,Inside Sales Coordinator,Maxilaku,23,3,24 - 50 g pkgs,20,10,60,15,0,Confections,Karkki Oy,Anne Heikkonen,Product Manager
10457,556,KOENE,2,1997-02-25,1997-03-25,1997-03-03,1,1157,59,44,36,0,Königlich Essen,Philip Cramer,Sales Associate,Fuller,Andrew,Vice President  Sales,Raclette Courdavault,28,4,5 kg pkg,55,79,0,0,0,Dairy Products,Gai pâturage,Eliane Noz,Sales Representative
10458,557,SUPRD,7,1997-02-26,1997-03-26,1997-03-04,3,14706,26,249,30,0,Suprêmes délices,Pascale Cartrain,Accounting Manager,King,Robert,Sales Representative,Gumbär Gummibärchen,11,3,100 - 250 g bags,3123,15,0,0,0,Confections,Heli SüÁEwaren GmbH & Co KG,Petra Winkler,Sales Manager
10458,558,SUPRD,7,1997-02-26,1997-03-26,1997-03-04,3,14706,28,364,30,0,Suprêmes délices,Pascale Cartrain,Accounting Manager,King,Robert,Sales Representative,Rössle Sauerkraut,12,7,25 - 825 g cans,456,26,0,0,1,Produce,Plutzer LebensmittelgroÁEmärkte AG,Martin Bein,International Marketing Mgr
10458,559,SUPRD,7,1997-02-26,1997-03-26,1997-03-04,3,14706,43,368,20,0,Suprêmes délices,Pascale Cartrain,Accounting Manager,King,Robert,Sales Representative,Ipoh Coffee,20,1,16 - 500 g tins,46,17,10,25,0,Beverages,Leka Trading,Chandra Leka,Owner
10458,560,SUPRD,7,1997-02-26,1997-03-26,1997-03-04,3,14706,56,304,15,0,Suprêmes délices,Pascale Cartrain,Accounting Manager,King,Robert,Sales Representative,Gnocchi di nonna Alice,26,5,24 - 250 g pkgs,38,21,10,30,0,Grains/Cereals,Pasta Buttini srl,Giovanni Giudici,Order Administrator
10458,561,SUPRD,7,1997-02-26,1997-03-26,1997-03-04,3,14706,71,172,50,0,Suprêmes délices,Pascale Cartrain,Accounting Manager,King,Robert,Sales Representative,Flotemysost,15,4,10 - 500 g pkgs,215,26,0,0,0,Dairy Products,Norske Meierier,Beate Vileid,Marketing Manager
10459,562,VICTE,4,1997-02-27,1997-03-27,1997-02-28,2,2509,7,24,16,5,Victuailles en stock,Mary Saveley,Sales Agent,Peacock,Margaret,Sales Representative,Uncle Bob's Organic Dried Pears,3,7,12 - 1 lb pkgs,30,15,0,10,0,Produce,Grandma Kelly's Homestead,Regina Murphy,Sales Representative
10459,563,VICTE,4,1997-02-27,1997-03-27,1997-02-28,2,2509,46,96,20,5,Victuailles en stock,Mary Saveley,Sales Agent,Peacock,Margaret,Sales Representative,Spegesild,21,8,4 - 450 g glasses,12,95,0,0,0,Seafood,Lyngbysild,Niels Petersen,Sales Manager
10459,564,VICTE,4,1997-02-27,1997-03-27,1997-02-28,2,2509,72,278,40,0,Victuailles en stock,Mary Saveley,Sales Agent,Peacock,Margaret,Sales Representative,Mozzarella di Giovanni,14,4,24 - 200 g pkgs,348,14,0,0,0,Dairy Products,Formaggi Fortini srl,Elio Rossi,Sales Representative
10460,565,FOLKO,8,1997-02-28,1997-03-28,1997-03-03,1,1627,68,10,21,25,Folk och fä HB,Maria Larsson,Owner,Callahan,Laura,Inside Sales Coordinator,Scottish Longbreads,8,3,10 boxes x 8 pieces,125,6,10,15,0,Confections,Specialty Biscuits, Ltd,Peter Wilson
10460,566,FOLKO,8,1997-02-28,1997-03-28,1997-03-03,1,1627,75,62,4,25,Folk och fä HB,Maria Larsson,Owner,Callahan,Laura,Inside Sales Coordinator,Rhönbräu Klosterbier,12,1,24 - 05 l bottles,775,125,0,25,0,Beverages,Plutzer LebensmittelgroÁEmärkte AG,Martin Bein,International Marketing Mgr
10461,567,LILAS,1,1997-02-28,1997-03-28,1997-03-05,3,14861,21,8,40,25,LILA-Supermercado,Carlos González,Accounting Manager,Davolio,Nancy,Sales Representative,Sir Rodney's Scones,8,3,24 pkgs x 4 pieces,10,3,40,5,0,Confections,Specialty Biscuits, Ltd,Peter Wilson
10461,568,LILAS,1,1997-02-28,1997-03-28,1997-03-05,3,14861,30,207,28,25,LILA-Supermercado,Carlos González,Accounting Manager,Davolio,Nancy,Sales Representative,Nord-Ost Matjeshering,13,8,10 - 200 g glasses,2589,10,0,15,0,Seafood,Nord-Ost-Fisch Handelsgesellschaft mbH,Sven Petersen,Coordinator Foreign Markets
10461,569,LILAS,1,1997-02-28,1997-03-28,1997-03-05,3,14861,55,192,60,25,LILA-Supermercado,Carlos González,Accounting Manager,Davolio,Nancy,Sales Representative,Pâté chinois,25,6,24 boxes x 2 pies,24,115,0,20,0,Meat/Poultry,Ma Maison,Jean-Guy Lauzon,Marketing Manager
10462,570,CONSH,2,1997-03-03,1997-03-31,1997-03-18,1,617,13,48,1,0,Consolidated Holdings,Elizabeth Brown,Sales Representative,Fuller,Andrew,Vice President  Sales,Konbu,6,8,2 kg box,6,24,0,5,0,Seafood,Mayumi's,Mayumi Ohno,Marketing Representative
10462,571,CONSH,2,1997-03-03,1997-03-31,1997-03-18,1,617,23,72,21,0,Consolidated Holdings,Elizabeth Brown,Sales Representative,Fuller,Andrew,Vice President  Sales,Tunnbröd,9,5,12 - 250 g pkgs,9,61,0,25,0,Grains/Cereals,PB Knäckebröd AB,Lars Peterson,Sales Agent
10463,572,SUPRD,5,1997-03-04,1997-04-01,1997-03-06,3,1478,19,73,21,0,Suprêmes délices,Pascale Cartrain,Accounting Manager,Buchanan,Steven,Sales Manager,Teatime Chocolate Biscuits,8,3,10 boxes x 12 pieces,92,25,0,5,0,Confections,Specialty Biscuits, Ltd,Peter Wilson
10463,573,SUPRD,5,1997-03-04,1997-04-01,1997-03-06,3,1478,42,112,50,0,Suprêmes délices,Pascale Cartrain,Accounting Manager,Buchanan,Steven,Sales Manager,Singaporean Hokkien Fried Mee,20,5,32 - 1 kg pkgs,14,26,0,0,1,Grains/Cereals,Leka Trading,Chandra Leka,Owner
10464,574,FURIB,4,1997-03-04,1997-04-01,1997-03-14,2,89,4,176,16,2,Furia Bacalhau e Frutos do Mar,Lino Rodriguez,Sales Manager,Peacock,Margaret,Sales Representative,Chef Anton's Cajun Seasoning,2,2,48 - 6 oz jars,22,53,0,0,0,Condiments,New Orleans Cajun Delights,Shelley Burke,Order Administrator
10464,575,FURIB,4,1997-03-04,1997-04-01,1997-03-14,2,89,43,368,3,0,Furia Bacalhau e Frutos do Mar,Lino Rodriguez,Sales Manager,Peacock,Margaret,Sales Representative,Ipoh Coffee,20,1,16 - 500 g tins,46,17,10,25,0,Beverages,Leka Trading,Chandra Leka,Owner
10464,576,FURIB,4,1997-03-04,1997-04-01,1997-03-14,2,89,56,304,30,2,Furia Bacalhau e Frutos do Mar,Lino Rodriguez,Sales Manager,Peacock,Margaret,Sales Representative,Gnocchi di nonna Alice,26,5,24 - 250 g pkgs,38,21,10,30,0,Grains/Cereals,Pasta Buttini srl,Giovanni Giudici,Order Administrator
10464,577,FURIB,4,1997-03-04,1997-04-01,1997-03-14,2,89,60,272,20,0,Furia Bacalhau e Frutos do Mar,Lino Rodriguez,Sales Manager,Peacock,Margaret,Sales Representative,Camembert Pierrot,28,4,15 - 300 g rounds,34,19,0,0,0,Dairy Products,Gai pâturage,Eliane Noz,Sales Representative
10465,578,VAFFE,1,1997-03-05,1997-04-02,1997-03-14,3,14504,24,36,25,0,Vaffeljernet,Palle Ibsen,Sales Manager,Davolio,Nancy,Sales Representative,Guaraná Fantástica,10,1,12 - 355 ml cans,45,20,0,0,1,Beverages,Refrescos Americanas LTDA,Carlos Diaz,Marketing Manager
10465,579,VAFFE,1,1997-03-05,1997-04-02,1997-03-14,3,14504,29,99,18,1,Vaffeljernet,Palle Ibsen,Sales Manager,Davolio,Nancy,Sales Representative,Thüringer Rostbratwurst,12,6,50 bags x 30 sausgs,12379,0,0,0,1,Meat/Poultry,Plutzer LebensmittelgroÁEmärkte AG,Martin Bein,International Marketing Mgr
10465,580,VAFFE,1,1997-03-05,1997-04-02,1997-03-14,3,14504,40,147,20,0,Vaffeljernet,Palle Ibsen,Sales Manager,Davolio,Nancy,Sales Representative,Boston Crab Meat,19,8,24 - 4 oz tins,184,123,0,30,0,Seafood,New England Seafood Cannery,Robb Merchant,Wholesale Account Agent
10465,581,VAFFE,1,1997-03-05,1997-04-02,1997-03-14,3,14504,45,76,30,1,Vaffeljernet,Palle Ibsen,Sales Manager,Davolio,Nancy,Sales Representative,Rogede sild,21,8,1k pkg,95,5,70,15,0,Seafood,Lyngbysild,Niels Petersen,Sales Manager
10465,582,VAFFE,1,1997-03-05,1997-04-02,1997-03-14,3,14504,50,13,25,0,Vaffeljernet,Palle Ibsen,Sales Manager,Davolio,Nancy,Sales Representative,Valkoinen suklaa,23,3,12 - 100 g bars,1625,65,0,30,0,Confections,Karkki Oy,Anne Heikkonen,Product Manager
10466,583,COMMI,4,1997-03-06,1997-04-03,1997-03-13,1,1193,11,168,10,0,Comércio Mineiro,Pedro Afonso,Sales Associate,Peacock,Margaret,Sales Representative,Queso Cabrales,5,4,1 kg pkg,21,22,30,30,0,Dairy Products,Cooperativa de Quesos 'Las Cabras',Antonio del Valle Saavedra,Export Administrator
10466,584,COMMI,4,1997-03-06,1997-04-03,1997-03-13,1,1193,46,96,5,0,Comércio Mineiro,Pedro Afonso,Sales Associate,Peacock,Margaret,Sales Representative,Spegesild,21,8,4 - 450 g glasses,12,95,0,0,0,Seafood,Lyngbysild,Niels Petersen,Sales Manager
10467,585,MAGAA,8,1997-03-06,1997-04-03,1997-03-11,2,493,24,36,28,0,Magazzini Alimentari Riuniti,Giovanni Rovelli,Marketing Manager,Callahan,Laura,Inside Sales Coordinator,Guaraná Fantástica,10,1,12 - 355 ml cans,45,20,0,0,1,Beverages,Refrescos Americanas LTDA,Carlos Diaz,Marketing Manager
10467,586,MAGAA,8,1997-03-06,1997-04-03,1997-03-11,2,493,25,112,12,0,Magazzini Alimentari Riuniti,Giovanni Rovelli,Marketing Manager,Callahan,Laura,Inside Sales Coordinator,NuNuCa NuÁE-Nougat-Creme,11,3,20 - 450 g glasses,14,76,0,30,0,Confections,Heli SüÁEwaren GmbH & Co KG,Petra Winkler,Sales Manager
10468,587,KOENE,3,1997-03-07,1997-04-04,1997-03-12,3,4412,30,207,8,0,Königlich Essen,Philip Cramer,Sales Associate,Leverling,Janet,Sales Representative,Nord-Ost Matjeshering,13,8,10 - 200 g glasses,2589,10,0,15,0,Seafood,Nord-Ost-Fisch Handelsgesellschaft mbH,Sven Petersen,Coordinator Foreign Markets
10468,588,KOENE,3,1997-03-07,1997-04-04,1997-03-12,3,4412,43,368,15,0,Königlich Essen,Philip Cramer,Sales Associate,Leverling,Janet,Sales Representative,Ipoh Coffee,20,1,16 - 500 g tins,46,17,10,25,0,Beverages,Leka Trading,Chandra Leka,Owner
10469,589,WHITC,1,1997-03-10,1997-04-07,1997-03-14,1,6018,2,152,40,15,White Clover Markets,Karl Jablonski,Owner,Davolio,Nancy,Sales Representative,Chang,1,1,24 - 12 oz bottles,19,17,40,25,0,Beverages,Exotic Liquids,Charlotte Cooper,Purchasing Manager
10469,590,WHITC,1,1997-03-10,1997-04-07,1997-03-14,1,6018,16,139,35,15,White Clover Markets,Karl Jablonski,Owner,Davolio,Nancy,Sales Representative,Pavlova,7,3,32 - 500 g boxes,1745,29,0,10,0,Confections,Pavlova, Ltd,Ian Devling
10469,591,WHITC,1,1997-03-10,1997-04-07,1997-03-14,1,6018,44,155,2,15,White Clover Markets,Karl Jablonski,Owner,Davolio,Nancy,Sales Representative,Gula Malacca,20,2,20 - 2 kg bags,1945,27,0,15,0,Condiments,Leka Trading,Chandra Leka,Owner
10470,592,BONAP,4,1997-03-11,1997-04-08,1997-03-14,2,6456,18,50,30,0,Bon app',Laurence Lebihan,Owner,Peacock,Margaret,Sales Representative,Carnarvon Tigers,7,8,16 kg pkg,625,42,0,0,0,Seafood,Pavlova, Ltd,Ian Devling
10470,593,BONAP,4,1997-03-11,1997-04-08,1997-03-14,2,6456,23,72,15,0,Bon app',Laurence Lebihan,Owner,Peacock,Margaret,Sales Representative,Tunnbröd,9,5,12 - 250 g pkgs,9,61,0,25,0,Grains/Cereals,PB Knäckebröd AB,Lars Peterson,Sales Agent
10470,594,BONAP,4,1997-03-11,1997-04-08,1997-03-14,2,6456,64,266,8,0,Bon app',Laurence Lebihan,Owner,Peacock,Margaret,Sales Representative,Wimmers gute Semmelknödel,12,5,20 bags x 4 pieces,3325,22,80,30,0,Grains/Cereals,Plutzer LebensmittelgroÁEmärkte AG,Martin Bein,International Marketing Mgr
10471,595,BSBEV,2,1997-03-11,1997-04-08,1997-03-18,3,4559,7,24,30,0,B's Beverages,Victoria Ashworth,Sales Representative,Fuller,Andrew,Vice President  Sales,Uncle Bob's Organic Dried Pears,3,7,12 - 1 lb pkgs,30,15,0,10,0,Produce,Grandma Kelly's Homestead,Regina Murphy,Sales Representative
10471,596,BSBEV,2,1997-03-11,1997-04-08,1997-03-18,3,4559,56,304,20,0,B's Beverages,Victoria Ashworth,Sales Representative,Fuller,Andrew,Vice President  Sales,Gnocchi di nonna Alice,26,5,24 - 250 g pkgs,38,21,10,30,0,Grains/Cereals,Pasta Buttini srl,Giovanni Giudici,Order Administrator
10472,597,SEVES,8,1997-03-12,1997-04-09,1997-03-19,1,42,24,36,80,5,Seven Seas Imports,Hari Kumar,Sales Manager,Callahan,Laura,Inside Sales Coordinator,Guaraná Fantástica,10,1,12 - 355 ml cans,45,20,0,0,1,Beverages,Refrescos Americanas LTDA,Carlos Diaz,Marketing Manager
10472,598,SEVES,8,1997-03-12,1997-04-09,1997-03-19,1,42,51,424,18,0,Seven Seas Imports,Hari Kumar,Sales Manager,Callahan,Laura,Inside Sales Coordinator,Manjimup Dried Apples,24,7,50 - 300 g pkgs,53,20,0,10,0,Produce,G'day, Mate,Wendy Mackenzie
10473,599,ISLAT,1,1997-03-13,1997-03-27,1997-03-21,3,1637,33,2,12,0,Island Trading,Helen Bennett,Marketing Manager,Davolio,Nancy,Sales Representative,Geitost,15,4,500 g,25,112,0,20,0,Dairy Products,Norske Meierier,Beate Vileid,Marketing Manager
10473,600,ISLAT,1,1997-03-13,1997-03-27,1997-03-21,3,1637,71,172,12,0,Island Trading,Helen Bennett,Marketing Manager,Davolio,Nancy,Sales Representative,Flotemysost,15,4,10 - 500 g pkgs,215,26,0,0,0,Dairy Products,Norske Meierier,Beate Vileid,Marketing Manager
10474,601,PERIC,5,1997-03-13,1997-04-10,1997-03-21,2,8349,14,186,12,0,Pericles Comidas clásicas,Guillermo Fernández,Sales Representative,Buchanan,Steven,Sales Manager,Tofu,6,7,40 - 100 g pkgs,2325,35,0,0,0,Produce,Mayumi's,Mayumi Ohno,Marketing Representative
10474,602,PERIC,5,1997-03-13,1997-04-10,1997-03-21,2,8349,28,364,18,0,Pericles Comidas clásicas,Guillermo Fernández,Sales Representative,Buchanan,Steven,Sales Manager,Rössle Sauerkraut,12,7,25 - 825 g cans,456,26,0,0,1,Produce,Plutzer LebensmittelgroÁEmärkte AG,Martin Bein,International Marketing Mgr
10474,603,PERIC,5,1997-03-13,1997-04-10,1997-03-21,2,8349,40,147,21,0,Pericles Comidas clásicas,Guillermo Fernández,Sales Representative,Buchanan,Steven,Sales Manager,Boston Crab Meat,19,8,24 - 4 oz tins,184,123,0,30,0,Seafood,New England Seafood Cannery,Robb Merchant,Wholesale Account Agent
10474,604,PERIC,5,1997-03-13,1997-04-10,1997-03-21,2,8349,75,62,10,0,Pericles Comidas clásicas,Guillermo Fernández,Sales Representative,Buchanan,Steven,Sales Manager,Rhönbräu Klosterbier,12,1,24 - 05 l bottles,775,125,0,25,0,Beverages,Plutzer LebensmittelgroÁEmärkte AG,Martin Bein,International Marketing Mgr
10475,605,SUPRD,9,1997-03-14,1997-04-11,1997-04-04,1,6852,31,10,35,15,Suprêmes délices,Pascale Cartrain,Accounting Manager,Dodsworth,Anne,Sales Representative,Gorgonzola Telino,14,4,12 - 100 g pkgs,125,0,70,20,0,Dairy Products,Formaggi Fortini srl,Elio Rossi,Sales Representative
10475,606,SUPRD,9,1997-03-14,1997-04-11,1997-04-04,1,6852,66,136,60,15,Suprêmes délices,Pascale Cartrain,Accounting Manager,Dodsworth,Anne,Sales Representative,Louisiana Hot Spiced Okra,2,2,24 - 8 oz jars,17,4,100,20,0,Condiments,New Orleans Cajun Delights,Shelley Burke,Order Administrator
10475,607,SUPRD,9,1997-03-14,1997-04-11,1997-04-04,1,6852,76,144,42,15,Suprêmes délices,Pascale Cartrain,Accounting Manager,Dodsworth,Anne,Sales Representative,Lakkalikööri,23,1,500 ml,18,57,0,20,0,Beverages,Karkki Oy,Anne Heikkonen,Product Manager
10476,608,HILAA,8,1997-03-17,1997-04-14,1997-03-24,3,441,55,192,2,5,HILARION-Abastos,Carlos Hernández,Sales Representative,Callahan,Laura,Inside Sales Coordinator,Pâté chinois,25,6,24 boxes x 2 pies,24,115,0,20,0,Meat/Poultry,Ma Maison,Jean-Guy Lauzon,Marketing Manager
10476,609,HILAA,8,1997-03-17,1997-04-14,1997-03-24,3,441,70,12,12,0,HILARION-Abastos,Carlos Hernández,Sales Representative,Callahan,Laura,Inside Sales Coordinator,Outback Lager,7,1,24 - 355 ml bottles,15,15,10,30,0,Beverages,Pavlova, Ltd,Ian Devling
10477,610,PRINI,5,1997-03-17,1997-04-14,1997-03-25,2,1302,1,144,15,0,Princesa Isabel Vinhos,Isabel de Castro,Sales Representative,Buchanan,Steven,Sales Manager,Chai,1,1,10 boxes x 20 bags,18,39,0,10,0,Beverages,Exotic Liquids,Charlotte Cooper,Purchasing Manager
10477,611,PRINI,5,1997-03-17,1997-04-14,1997-03-25,2,1302,21,8,21,25,Princesa Isabel Vinhos,Isabel de Castro,Sales Representative,Buchanan,Steven,Sales Manager,Sir Rodney's Scones,8,3,24 pkgs x 4 pieces,10,3,40,5,0,Confections,Specialty Biscuits, Ltd,Peter Wilson
10477,612,PRINI,5,1997-03-17,1997-04-14,1997-03-25,2,1302,39,144,20,25,Princesa Isabel Vinhos,Isabel de Castro,Sales Representative,Buchanan,Steven,Sales Manager,Chartreuse verte,18,1,750 cc per bottle,18,69,0,5,0,Beverages,Aux joyeux ecclésiastiques,Guylène Nodier,Sales Manager
10478,613,VICTE,2,1997-03-18,1997-04-01,1997-03-26,3,481,10,248,20,5,Victuailles en stock,Mary Saveley,Sales Agent,Fuller,Andrew,Vice President  Sales,Ikura,4,8,12 - 200 ml jars,31,31,0,0,0,Seafood,Tokyo Traders,Yoshi Nagase,Marketing Manager
10479,614,RATTC,3,1997-03-19,1997-04-16,1997-03-21,3,70895,38,2108,30,0,Rattlesnake Canyon Grocery,Paula Wilson,Assistant Sales Representative,Leverling,Janet,Sales Representative,Côte de Blaye,18,1,12 - 75 cl bottles,2635,17,0,15,0,Beverages,Aux joyeux ecclésiastiques,Guylène Nodier,Sales Manager
10479,615,RATTC,3,1997-03-19,1997-04-16,1997-03-21,3,70895,53,262,28,0,Rattlesnake Canyon Grocery,Paula Wilson,Assistant Sales Representative,Leverling,Janet,Sales Representative,Perth Pasties,24,6,48 pieces,328,0,0,0,1,Meat/Poultry,G'day, Mate,Wendy Mackenzie
10479,616,RATTC,3,1997-03-19,1997-04-16,1997-03-21,3,70895,59,44,60,0,Rattlesnake Canyon Grocery,Paula Wilson,Assistant Sales Representative,Leverling,Janet,Sales Representative,Raclette Courdavault,28,4,5 kg pkg,55,79,0,0,0,Dairy Products,Gai pâturage,Eliane Noz,Sales Representative
10479,617,RATTC,3,1997-03-19,1997-04-16,1997-03-21,3,70895,64,266,30,0,Rattlesnake Canyon Grocery,Paula Wilson,Assistant Sales Representative,Leverling,Janet,Sales Representative,Wimmers gute Semmelknödel,12,5,20 bags x 4 pieces,3325,22,80,30,0,Grains/Cereals,Plutzer LebensmittelgroÁEmärkte AG,Martin Bein,International Marketing Mgr
10480,618,FOLIG,6,1997-03-20,1997-04-17,1997-03-24,2,135,47,76,30,0,Folies gourmandes,Martine Rancé,Assistant Sales Agent,Suyama,Michael,Sales Representative,Zaanse koeken,22,3,10 - 4 oz boxes,95,36,0,0,0,Confections,Zaanse Snoepfabriek,Dirk Luchte,Accounting Manager
10480,619,FOLIG,6,1997-03-20,1997-04-17,1997-03-24,2,135,59,44,12,0,Folies gourmandes,Martine Rancé,Assistant Sales Agent,Suyama,Michael,Sales Representative,Raclette Courdavault,28,4,5 kg pkg,55,79,0,0,0,Dairy Products,Gai pâturage,Eliane Noz,Sales Representative
10481,620,RICAR,8,1997-03-20,1997-04-17,1997-03-25,2,6433,49,16,24,0,Ricardo Adocicados,Janete Limeira,Assistant Sales Agent,Callahan,Laura,Inside Sales Coordinator,Maxilaku,23,3,24 - 50 g pkgs,20,10,60,15,0,Confections,Karkki Oy,Anne Heikkonen,Product Manager
10481,621,RICAR,8,1997-03-20,1997-04-17,1997-03-25,2,6433,60,272,40,0,Ricardo Adocicados,Janete Limeira,Assistant Sales Agent,Callahan,Laura,Inside Sales Coordinator,Camembert Pierrot,28,4,15 - 300 g rounds,34,19,0,0,0,Dairy Products,Gai pâturage,Eliane Noz,Sales Representative
10482,622,LAZYK,1,1997-03-21,1997-04-18,1997-04-10,3,748,40,147,10,0,Lazy K Kountry Store,John Steel,Marketing Manager,Davolio,Nancy,Sales Representative,Boston Crab Meat,19,8,24 - 4 oz tins,184,123,0,30,0,Seafood,New England Seafood Cannery,Robb Merchant,Wholesale Account Agent
10483,623,WHITC,7,1997-03-24,1997-04-21,1997-04-25,2,1528,34,112,35,5,White Clover Markets,Karl Jablonski,Owner,King,Robert,Sales Representative,Sasquatch Ale,16,1,24 - 12 oz bottles,14,111,0,15,0,Beverages,Bigfoot Breweries,Cheryl Saylor,Regional Account Rep
10483,624,WHITC,7,1997-03-24,1997-04-21,1997-04-25,2,1528,77,104,30,5,White Clover Markets,Karl Jablonski,Owner,King,Robert,Sales Representative,Original Frankfurter grüne SoÁEe,12,2,12 boxes,13,32,0,15,0,Condiments,Plutzer LebensmittelgroÁEmärkte AG,Martin Bein,International Marketing Mgr
10484,625,BSBEV,3,1997-03-24,1997-04-21,1997-04-01,3,688,21,8,14,0,B's Beverages,Victoria Ashworth,Sales Representative,Leverling,Janet,Sales Representative,Sir Rodney's Scones,8,3,24 pkgs x 4 pieces,10,3,40,5,0,Confections,Specialty Biscuits, Ltd,Peter Wilson
10484,626,BSBEV,3,1997-03-24,1997-04-21,1997-04-01,3,688,40,147,10,0,B's Beverages,Victoria Ashworth,Sales Representative,Leverling,Janet,Sales Representative,Boston Crab Meat,19,8,24 - 4 oz tins,184,123,0,30,0,Seafood,New England Seafood Cannery,Robb Merchant,Wholesale Account Agent
10484,627,BSBEV,3,1997-03-24,1997-04-21,1997-04-01,3,688,51,424,3,0,B's Beverages,Victoria Ashworth,Sales Representative,Leverling,Janet,Sales Representative,Manjimup Dried Apples,24,7,50 - 300 g pkgs,53,20,0,10,0,Produce,G'day, Mate,Wendy Mackenzie
10485,628,LINOD,4,1997-03-25,1997-04-08,1997-03-31,2,6445,2,152,20,1,LINO-Delicateses,Felipe Izquierdo,Owner,Peacock,Margaret,Sales Representative,Chang,1,1,24 - 12 oz bottles,19,17,40,25,0,Beverages,Exotic Liquids,Charlotte Cooper,Purchasing Manager
10485,629,LINOD,4,1997-03-25,1997-04-08,1997-03-31,2,6445,3,8,20,1,LINO-Delicateses,Felipe Izquierdo,Owner,Peacock,Margaret,Sales Representative,Aniseed Syrup,1,2,12 - 550 ml bottles,10,13,70,25,0,Condiments,Exotic Liquids,Charlotte Cooper,Purchasing Manager
10485,630,LINOD,4,1997-03-25,1997-04-08,1997-03-31,2,6445,55,192,30,1,LINO-Delicateses,Felipe Izquierdo,Owner,Peacock,Margaret,Sales Representative,Pâté chinois,25,6,24 boxes x 2 pies,24,115,0,20,0,Meat/Poultry,Ma Maison,Jean-Guy Lauzon,Marketing Manager
10485,631,LINOD,4,1997-03-25,1997-04-08,1997-03-31,2,6445,70,12,60,1,LINO-Delicateses,Felipe Izquierdo,Owner,Peacock,Margaret,Sales Representative,Outback Lager,7,1,24 - 355 ml bottles,15,15,10,30,0,Beverages,Pavlova, Ltd,Ian Devling
10486,632,HILAA,1,1997-03-26,1997-04-23,1997-04-02,2,3053,11,168,5,0,HILARION-Abastos,Carlos Hernández,Sales Representative,Davolio,Nancy,Sales Representative,Queso Cabrales,5,4,1 kg pkg,21,22,30,30,0,Dairy Products,Cooperativa de Quesos 'Las Cabras',Antonio del Valle Saavedra,Export Administrator
10486,633,HILAA,1,1997-03-26,1997-04-23,1997-04-02,2,3053,51,424,25,0,HILARION-Abastos,Carlos Hernández,Sales Representative,Davolio,Nancy,Sales Representative,Manjimup Dried Apples,24,7,50 - 300 g pkgs,53,20,0,10,0,Produce,G'day, Mate,Wendy Mackenzie
10486,634,HILAA,1,1997-03-26,1997-04-23,1997-04-02,2,3053,74,8,16,0,HILARION-Abastos,Carlos Hernández,Sales Representative,Davolio,Nancy,Sales Representative,Longlife Tofu,4,7,5 kg pkg,10,4,20,5,0,Produce,Tokyo Traders,Yoshi Nagase,Marketing Manager
10487,635,QUEEN,2,1997-03-26,1997-04-23,1997-03-28,2,7107,19,73,5,0,Queen Cozinha,Lúcia Carvalho,Marketing Assistant,Fuller,Andrew,Vice President  Sales,Teatime Chocolate Biscuits,8,3,10 boxes x 12 pieces,92,25,0,5,0,Confections,Specialty Biscuits, Ltd,Peter Wilson
10487,636,QUEEN,2,1997-03-26,1997-04-23,1997-03-28,2,7107,26,249,30,0,Queen Cozinha,Lúcia Carvalho,Marketing Assistant,Fuller,Andrew,Vice President  Sales,Gumbär Gummibärchen,11,3,100 - 250 g bags,3123,15,0,0,0,Confections,Heli SüÁEwaren GmbH & Co KG,Petra Winkler,Sales Manager
10487,637,QUEEN,2,1997-03-26,1997-04-23,1997-03-28,2,7107,54,59,24,25,Queen Cozinha,Lúcia Carvalho,Marketing Assistant,Fuller,Andrew,Vice President  Sales,Tourtière,25,6,16 pies,745,21,0,10,0,Meat/Poultry,Ma Maison,Jean-Guy Lauzon,Marketing Manager
10488,638,FRANK,8,1997-03-27,1997-04-24,1997-04-02,2,493,59,44,30,0,Frankenversand,Peter Franken,Marketing Manager,Callahan,Laura,Inside Sales Coordinator,Raclette Courdavault,28,4,5 kg pkg,55,79,0,0,0,Dairy Products,Gai pâturage,Eliane Noz,Sales Representative
10488,639,FRANK,8,1997-03-27,1997-04-24,1997-04-02,2,493,73,12,20,2,Frankenversand,Peter Franken,Marketing Manager,Callahan,Laura,Inside Sales Coordinator,Röd Kaviar,17,8,24 - 150 g jars,15,101,0,5,0,Seafood,Svensk Sjöföda AB,Michael Björn,Sales Representative
10489,640,PICCO,6,1997-03-28,1997-04-25,1997-04-09,2,529,11,168,15,25,Piccolo und mehr,Georg Pipps,Sales Manager,Suyama,Michael,Sales Representative,Queso Cabrales,5,4,1 kg pkg,21,22,30,30,0,Dairy Products,Cooperativa de Quesos 'Las Cabras',Antonio del Valle Saavedra,Export Administrator
10489,641,PICCO,6,1997-03-28,1997-04-25,1997-04-09,2,529,16,139,18,0,Piccolo und mehr,Georg Pipps,Sales Manager,Suyama,Michael,Sales Representative,Pavlova,7,3,32 - 500 g boxes,1745,29,0,10,0,Confections,Pavlova, Ltd,Ian Devling
10490,642,HILAA,7,1997-03-31,1997-04-28,1997-04-03,2,21019,59,44,60,0,HILARION-Abastos,Carlos Hernández,Sales Representative,King,Robert,Sales Representative,Raclette Courdavault,28,4,5 kg pkg,55,79,0,0,0,Dairy Products,Gai pâturage,Eliane Noz,Sales Representative
10490,643,HILAA,7,1997-03-31,1997-04-28,1997-04-03,2,21019,68,10,30,0,HILARION-Abastos,Carlos Hernández,Sales Representative,King,Robert,Sales Representative,Scottish Longbreads,8,3,10 boxes x 8 pieces,125,6,10,15,0,Confections,Specialty Biscuits, Ltd,Peter Wilson
10490,644,HILAA,7,1997-03-31,1997-04-28,1997-04-03,2,21019,75,62,36,0,HILARION-Abastos,Carlos Hernández,Sales Representative,King,Robert,Sales Representative,Rhönbräu Klosterbier,12,1,24 - 05 l bottles,775,125,0,25,0,Beverages,Plutzer LebensmittelgroÁEmärkte AG,Martin Bein,International Marketing Mgr
10491,645,FURIB,8,1997-03-31,1997-04-28,1997-04-08,3,1696,44,155,15,15,Furia Bacalhau e Frutos do Mar,Lino Rodriguez,Sales Manager,Callahan,Laura,Inside Sales Coordinator,Gula Malacca,20,2,20 - 2 kg bags,1945,27,0,15,0,Condiments,Leka Trading,Chandra Leka,Owner
10491,646,FURIB,8,1997-03-31,1997-04-28,1997-04-08,3,1696,77,104,7,15,Furia Bacalhau e Frutos do Mar,Lino Rodriguez,Sales Manager,Callahan,Laura,Inside Sales Coordinator,Original Frankfurter grüne SoÁEe,12,2,12 boxes,13,32,0,15,0,Condiments,Plutzer LebensmittelgroÁEmärkte AG,Martin Bein,International Marketing Mgr
10492,647,BOTTM,3,1997-04-01,1997-04-29,1997-04-11,1,6289,25,112,60,5,Bottom-Dollar Markets,Elizabeth Lincoln,Accounting Manager,Leverling,Janet,Sales Representative,NuNuCa NuÁE-Nougat-Creme,11,3,20 - 450 g glasses,14,76,0,30,0,Confections,Heli SüÁEwaren GmbH & Co KG,Petra Winkler,Sales Manager
10492,648,BOTTM,3,1997-04-01,1997-04-29,1997-04-11,1,6289,42,112,20,5,Bottom-Dollar Markets,Elizabeth Lincoln,Accounting Manager,Leverling,Janet,Sales Representative,Singaporean Hokkien Fried Mee,20,5,32 - 1 kg pkgs,14,26,0,0,1,Grains/Cereals,Leka Trading,Chandra Leka,Owner
10493,649,LAMAI,4,1997-04-02,1997-04-30,1997-04-10,3,1064,65,168,15,1,La maison d'Asie,Annette Roulet,Sales Manager,Peacock,Margaret,Sales Representative,Louisiana Fiery Hot Pepper Sauce,2,2,32 - 8 oz bottles,2105,76,0,0,0,Condiments,New Orleans Cajun Delights,Shelley Burke,Order Administrator
10493,650,LAMAI,4,1997-04-02,1997-04-30,1997-04-10,3,1064,66,136,10,1,La maison d'Asie,Annette Roulet,Sales Manager,Peacock,Margaret,Sales Representative,Louisiana Hot Spiced Okra,2,2,24 - 8 oz jars,17,4,100,20,0,Condiments,New Orleans Cajun Delights,Shelley Burke,Order Administrator
10493,651,LAMAI,4,1997-04-02,1997-04-30,1997-04-10,3,1064,69,288,10,1,La maison d'Asie,Annette Roulet,Sales Manager,Peacock,Margaret,Sales Representative,Gudbrandsdalsost,15,4,10 kg pkg,36,26,0,15,0,Dairy Products,Norske Meierier,Beate Vileid,Marketing Manager
10494,652,COMMI,4,1997-04-02,1997-04-30,1997-04-09,2,6599,56,304,30,0,Comércio Mineiro,Pedro Afonso,Sales Associate,Peacock,Margaret,Sales Representative,Gnocchi di nonna Alice,26,5,24 - 250 g pkgs,38,21,10,30,0,Grains/Cereals,Pasta Buttini srl,Giovanni Giudici,Order Administrator
10495,653,LAUGB,3,1997-04-03,1997-05-01,1997-04-11,3,465,23,72,10,0,Laughing Bacchus Wine Cellars,Yoshi Tannamuri,Marketing Assistant,Leverling,Janet,Sales Representative,Tunnbröd,9,5,12 - 250 g pkgs,9,61,0,25,0,Grains/Cereals,PB Knäckebröd AB,Lars Peterson,Sales Agent
10495,654,LAUGB,3,1997-04-03,1997-05-01,1997-04-11,3,465,41,77,20,0,Laughing Bacchus Wine Cellars,Yoshi Tannamuri,Marketing Assistant,Leverling,Janet,Sales Representative,Jack's New England Clam Chowder,19,8,12 - 12 oz cans,965,85,0,10,0,Seafood,New England Seafood Cannery,Robb Merchant,Wholesale Account Agent
10495,655,LAUGB,3,1997-04-03,1997-05-01,1997-04-11,3,465,77,104,5,0,Laughing Bacchus Wine Cellars,Yoshi Tannamuri,Marketing Assistant,Leverling,Janet,Sales Representative,Original Frankfurter grüne SoÁEe,12,2,12 boxes,13,32,0,15,0,Condiments,Plutzer LebensmittelgroÁEmärkte AG,Martin Bein,International Marketing Mgr
10496,656,TRADH,7,1997-04-04,1997-05-02,1997-04-07,2,4677,31,10,20,5,Tradição Hipermercados,Anabela Domingues,Sales Representative,King,Robert,Sales Representative,Gorgonzola Telino,14,4,12 - 100 g pkgs,125,0,70,20,0,Dairy Products,Formaggi Fortini srl,Elio Rossi,Sales Representative
10497,657,LEHMS,7,1997-04-04,1997-05-02,1997-04-07,1,3621,56,304,14,0,Lehmanns Marktstand,Renate Messner,Sales Representative,King,Robert,Sales Representative,Gnocchi di nonna Alice,26,5,24 - 250 g pkgs,38,21,10,30,0,Grains/Cereals,Pasta Buttini srl,Giovanni Giudici,Order Administrator
10497,658,LEHMS,7,1997-04-04,1997-05-02,1997-04-07,1,3621,72,278,25,0,Lehmanns Marktstand,Renate Messner,Sales Representative,King,Robert,Sales Representative,Mozzarella di Giovanni,14,4,24 - 200 g pkgs,348,14,0,0,0,Dairy Products,Formaggi Fortini srl,Elio Rossi,Sales Representative
10497,659,LEHMS,7,1997-04-04,1997-05-02,1997-04-07,1,3621,77,104,25,0,Lehmanns Marktstand,Renate Messner,Sales Representative,King,Robert,Sales Representative,Original Frankfurter grüne SoÁEe,12,2,12 boxes,13,32,0,15,0,Condiments,Plutzer LebensmittelgroÁEmärkte AG,Martin Bein,International Marketing Mgr
10498,660,HILAA,8,1997-04-07,1997-05-05,1997-04-11,2,2975,24,45,14,0,HILARION-Abastos,Carlos Hernández,Sales Representative,Callahan,Laura,Inside Sales Coordinator,Guaraná Fantástica,10,1,12 - 355 ml cans,45,20,0,0,1,Beverages,Refrescos Americanas LTDA,Carlos Diaz,Marketing Manager
10498,661,HILAA,8,1997-04-07,1997-05-05,1997-04-11,2,2975,40,184,5,0,HILARION-Abastos,Carlos Hernández,Sales Representative,Callahan,Laura,Inside Sales Coordinator,Boston Crab Meat,19,8,24 - 4 oz tins,184,123,0,30,0,Seafood,New England Seafood Cannery,Robb Merchant,Wholesale Account Agent
10498,662,HILAA,8,1997-04-07,1997-05-05,1997-04-11,2,2975,42,14,30,0,HILARION-Abastos,Carlos Hernández,Sales Representative,Callahan,Laura,Inside Sales Coordinator,Singaporean Hokkien Fried Mee,20,5,32 - 1 kg pkgs,14,26,0,0,1,Grains/Cereals,Leka Trading,Chandra Leka,Owner
10499,663,LILAS,4,1997-04-08,1997-05-06,1997-04-16,2,10202,28,456,20,0,LILA-Supermercado,Carlos González,Accounting Manager,Peacock,Margaret,Sales Representative,Rössle Sauerkraut,12,7,25 - 825 g cans,456,26,0,0,1,Produce,Plutzer LebensmittelgroÁEmärkte AG,Martin Bein,International Marketing Mgr
10499,664,LILAS,4,1997-04-08,1997-05-06,1997-04-16,2,10202,49,20,25,0,LILA-Supermercado,Carlos González,Accounting Manager,Peacock,Margaret,Sales Representative,Maxilaku,23,3,24 - 50 g pkgs,20,10,60,15,0,Confections,Karkki Oy,Anne Heikkonen,Product Manager
10500,665,LAMAI,6,1997-04-09,1997-05-07,1997-04-17,1,4268,15,155,12,5,La maison d'Asie,Annette Roulet,Sales Manager,Suyama,Michael,Sales Representative,Genen Shouyu,6,2,24 - 250 ml bottles,155,39,0,5,0,Condiments,Mayumi's,Mayumi Ohno,Marketing Representative
10500,666,LAMAI,6,1997-04-09,1997-05-07,1997-04-17,1,4268,28,456,8,5,La maison d'Asie,Annette Roulet,Sales Manager,Suyama,Michael,Sales Representative,Rössle Sauerkraut,12,7,25 - 825 g cans,456,26,0,0,1,Produce,Plutzer LebensmittelgroÁEmärkte AG,Martin Bein,International Marketing Mgr
10501,667,BLAUS,9,1997-04-09,1997-05-07,1997-04-16,3,885,54,745,20,0,Blauer See Delikatessen,Hanna Moos,Sales Representative,Dodsworth,Anne,Sales Representative,Tourtière,25,6,16 pies,745,21,0,10,0,Meat/Poultry,Ma Maison,Jean-Guy Lauzon,Marketing Manager
10502,668,PERIC,2,1997-04-10,1997-05-08,1997-04-29,1,6932,45,95,21,0,Pericles Comidas clásicas,Guillermo Fernández,Sales Representative,Fuller,Andrew,Vice President  Sales,Rogede sild,21,8,1k pkg,95,5,70,15,0,Seafood,Lyngbysild,Niels Petersen,Sales Manager
10502,669,PERIC,2,1997-04-10,1997-05-08,1997-04-29,1,6932,53,328,6,0,Pericles Comidas clásicas,Guillermo Fernández,Sales Representative,Fuller,Andrew,Vice President  Sales,Perth Pasties,24,6,48 pieces,328,0,0,0,1,Meat/Poultry,G'day, Mate,Wendy Mackenzie
10502,670,PERIC,2,1997-04-10,1997-05-08,1997-04-29,1,6932,67,14,30,0,Pericles Comidas clásicas,Guillermo Fernández,Sales Representative,Fuller,Andrew,Vice President  Sales,Laughing Lumberjack Lager,16,1,24 - 12 oz bottles,14,52,0,10,0,Beverages,Bigfoot Breweries,Cheryl Saylor,Regional Account Rep
10503,671,HUNGO,6,1997-04-11,1997-05-09,1997-04-16,2,1674,14,2325,70,0,Hungry Owl All-Night Grocers,Patricia McKenna,Sales Associate,Suyama,Michael,Sales Representative,Tofu,6,7,40 - 100 g pkgs,2325,35,0,0,0,Produce,Mayumi's,Mayumi Ohno,Marketing Representative
10503,672,HUNGO,6,1997-04-11,1997-05-09,1997-04-16,2,1674,65,2105,20,0,Hungry Owl All-Night Grocers,Patricia McKenna,Sales Associate,Suyama,Michael,Sales Representative,Louisiana Fiery Hot Pepper Sauce,2,2,32 - 8 oz bottles,2105,76,0,0,0,Condiments,New Orleans Cajun Delights,Shelley Burke,Order Administrator
10504,673,WHITC,4,1997-04-11,1997-05-09,1997-04-18,3,5913,2,19,12,0,White Clover Markets,Karl Jablonski,Owner,Peacock,Margaret,Sales Representative,Chang,1,1,24 - 12 oz bottles,19,17,40,25,0,Beverages,Exotic Liquids,Charlotte Cooper,Purchasing Manager
10504,674,WHITC,4,1997-04-11,1997-05-09,1997-04-18,3,5913,21,10,12,0,White Clover Markets,Karl Jablonski,Owner,Peacock,Margaret,Sales Representative,Sir Rodney's Scones,8,3,24 pkgs x 4 pieces,10,3,40,5,0,Confections,Specialty Biscuits, Ltd,Peter Wilson
10504,675,WHITC,4,1997-04-11,1997-05-09,1997-04-18,3,5913,53,328,10,0,White Clover Markets,Karl Jablonski,Owner,Peacock,Margaret,Sales Representative,Perth Pasties,24,6,48 pieces,328,0,0,0,1,Meat/Poultry,G'day, Mate,Wendy Mackenzie
10504,676,WHITC,4,1997-04-11,1997-05-09,1997-04-18,3,5913,61,285,25,0,White Clover Markets,Karl Jablonski,Owner,Peacock,Margaret,Sales Representative,Sirop d'érable,29,2,24 - 500 ml bottles,285,113,0,25,0,Condiments,Forêts d'érables,Chantal Goulet,Accounting Manager
10505,677,MEREP,3,1997-04-14,1997-05-12,1997-04-21,3,713,62,493,3,0,Mère Paillarde,Jean Fresnière,Marketing Assistant,Leverling,Janet,Sales Representative,Tarte au sucre,29,3,48 pies,493,17,0,0,0,Confections,Forêts d'érables,Chantal Goulet,Accounting Manager
10506,678,KOENE,9,1997-04-15,1997-05-13,1997-05-02,2,2119,25,14,18,1,Königlich Essen,Philip Cramer,Sales Associate,Dodsworth,Anne,Sales Representative,NuNuCa NuÁE-Nougat-Creme,11,3,20 - 450 g glasses,14,76,0,30,0,Confections,Heli SüÁEwaren GmbH & Co KG,Petra Winkler,Sales Manager
10506,679,KOENE,9,1997-04-15,1997-05-13,1997-05-02,2,2119,70,15,14,1,Königlich Essen,Philip Cramer,Sales Associate,Dodsworth,Anne,Sales Representative,Outback Lager,7,1,24 - 355 ml bottles,15,15,10,30,0,Beverages,Pavlova, Ltd,Ian Devling
10507,680,ANTON,7,1997-04-15,1997-05-13,1997-04-22,1,4745,43,46,15,15,Antonio Moreno Taquería,Antonio Moreno,Owner,King,Robert,Sales Representative,Ipoh Coffee,20,1,16 - 500 g tins,46,17,10,25,0,Beverages,Leka Trading,Chandra Leka,Owner
10507,681,ANTON,7,1997-04-15,1997-05-13,1997-04-22,1,4745,48,1275,15,15,Antonio Moreno Taquería,Antonio Moreno,Owner,King,Robert,Sales Representative,Chocolade,22,3,10 pkgs,1275,15,70,25,0,Confections,Zaanse Snoepfabriek,Dirk Luchte,Accounting Manager
10508,682,OTTIK,1,1997-04-16,1997-05-14,1997-05-13,2,499,13,6,10,0,Ottilies Käseladen,Henriette Pfalzheim,Owner,Davolio,Nancy,Sales Representative,Konbu,6,8,2 kg box,6,24,0,5,0,Seafood,Mayumi's,Mayumi Ohno,Marketing Representative
10508,683,OTTIK,1,1997-04-16,1997-05-14,1997-05-13,2,499,39,18,10,0,Ottilies Käseladen,Henriette Pfalzheim,Owner,Davolio,Nancy,Sales Representative,Chartreuse verte,18,1,750 cc per bottle,18,69,0,5,0,Beverages,Aux joyeux ecclésiastiques,Guylène Nodier,Sales Manager
10509,684,BLAUS,4,1997-04-17,1997-05-15,1997-04-29,1,15,28,456,3,0,Blauer See Delikatessen,Hanna Moos,Sales Representative,Peacock,Margaret,Sales Representative,Rössle Sauerkraut,12,7,25 - 825 g cans,456,26,0,0,1,Produce,Plutzer LebensmittelgroÁEmärkte AG,Martin Bein,International Marketing Mgr
10510,685,SAVEA,6,1997-04-18,1997-05-16,1997-04-28,3,36763,29,12379,36,0,Save-a-lot Markets,Jose Pavarotti,Sales Representative,Suyama,Michael,Sales Representative,Thüringer Rostbratwurst,12,6,50 bags x 30 sausgs,12379,0,0,0,1,Meat/Poultry,Plutzer LebensmittelgroÁEmärkte AG,Martin Bein,International Marketing Mgr
10510,686,SAVEA,6,1997-04-18,1997-05-16,1997-04-28,3,36763,75,775,36,1,Save-a-lot Markets,Jose Pavarotti,Sales Representative,Suyama,Michael,Sales Representative,Rhönbräu Klosterbier,12,1,24 - 05 l bottles,775,125,0,25,0,Beverages,Plutzer LebensmittelgroÁEmärkte AG,Martin Bein,International Marketing Mgr
10511,687,BONAP,4,1997-04-18,1997-05-16,1997-04-21,3,35064,4,22,50,15,Bon app',Laurence Lebihan,Owner,Peacock,Margaret,Sales Representative,Chef Anton's Cajun Seasoning,2,2,48 - 6 oz jars,22,53,0,0,0,Condiments,New Orleans Cajun Delights,Shelley Burke,Order Administrator
10511,688,BONAP,4,1997-04-18,1997-05-16,1997-04-21,3,35064,7,30,50,15,Bon app',Laurence Lebihan,Owner,Peacock,Margaret,Sales Representative,Uncle Bob's Organic Dried Pears,3,7,12 - 1 lb pkgs,30,15,0,10,0,Produce,Grandma Kelly's Homestead,Regina Murphy,Sales Representative
10511,689,BONAP,4,1997-04-18,1997-05-16,1997-04-21,3,35064,8,40,10,15,Bon app',Laurence Lebihan,Owner,Peacock,Margaret,Sales Representative,Northwoods Cranberry Sauce,3,2,12 - 12 oz jars,40,6,0,0,0,Condiments,Grandma Kelly's Homestead,Regina Murphy,Sales Representative
10512,690,FAMIA,7,1997-04-21,1997-05-19,1997-04-24,2,353,24,45,10,15,Familia Arquibaldo,Aria Cruz,Marketing Assistant,King,Robert,Sales Representative,Guaraná Fantástica,10,1,12 - 355 ml cans,45,20,0,0,1,Beverages,Refrescos Americanas LTDA,Carlos Diaz,Marketing Manager
10512,691,FAMIA,7,1997-04-21,1997-05-19,1997-04-24,2,353,46,12,9,15,Familia Arquibaldo,Aria Cruz,Marketing Assistant,King,Robert,Sales Representative,Spegesild,21,8,4 - 450 g glasses,12,95,0,0,0,Seafood,Lyngbysild,Niels Petersen,Sales Manager
10512,692,FAMIA,7,1997-04-21,1997-05-19,1997-04-24,2,353,47,95,6,15,Familia Arquibaldo,Aria Cruz,Marketing Assistant,King,Robert,Sales Representative,Zaanse koeken,22,3,10 - 4 oz boxes,95,36,0,0,0,Confections,Zaanse Snoepfabriek,Dirk Luchte,Accounting Manager
10512,693,FAMIA,7,1997-04-21,1997-05-19,1997-04-24,2,353,60,34,12,15,Familia Arquibaldo,Aria Cruz,Marketing Assistant,King,Robert,Sales Representative,Camembert Pierrot,28,4,15 - 300 g rounds,34,19,0,0,0,Dairy Products,Gai pâturage,Eliane Noz,Sales Representative
10513,694,WANDK,7,1997-04-22,1997-06-03,1997-04-28,1,10565,21,10,40,2,Die Wandernde Kuh,Rita Müller,Sales Representative,King,Robert,Sales Representative,Sir Rodney's Scones,8,3,24 pkgs x 4 pieces,10,3,40,5,0,Confections,Specialty Biscuits, Ltd,Peter Wilson
10513,695,WANDK,7,1997-04-22,1997-06-03,1997-04-28,1,10565,32,32,50,2,Die Wandernde Kuh,Rita Müller,Sales Representative,King,Robert,Sales Representative,Mascarpone Fabioli,14,4,24 - 200 g pkgs,32,9,40,25,0,Dairy Products,Formaggi Fortini srl,Elio Rossi,Sales Representative
10513,696,WANDK,7,1997-04-22,1997-06-03,1997-04-28,1,10565,61,285,15,2,Die Wandernde Kuh,Rita Müller,Sales Representative,King,Robert,Sales Representative,Sirop d'érable,29,2,24 - 500 ml bottles,285,113,0,25,0,Condiments,Forêts d'érables,Chantal Goulet,Accounting Manager
10514,697,ERNSH,3,1997-04-22,1997-05-20,1997-05-16,2,78995,20,81,39,0,Ernst Handel,Roland Mendel,Sales Manager,Leverling,Janet,Sales Representative,Sir Rodney's Marmalade,8,3,30 gift boxes,81,40,0,0,0,Confections,Specialty Biscuits, Ltd,Peter Wilson
10514,698,ERNSH,3,1997-04-22,1997-05-20,1997-05-16,2,78995,28,456,35,0,Ernst Handel,Roland Mendel,Sales Manager,Leverling,Janet,Sales Representative,Rössle Sauerkraut,12,7,25 - 825 g cans,456,26,0,0,1,Produce,Plutzer LebensmittelgroÁEmärkte AG,Martin Bein,International Marketing Mgr
10514,699,ERNSH,3,1997-04-22,1997-05-20,1997-05-16,2,78995,56,38,70,0,Ernst Handel,Roland Mendel,Sales Manager,Leverling,Janet,Sales Representative,Gnocchi di nonna Alice,26,5,24 - 250 g pkgs,38,21,10,30,0,Grains/Cereals,Pasta Buttini srl,Giovanni Giudici,Order Administrator
10514,700,ERNSH,3,1997-04-22,1997-05-20,1997-05-16,2,78995,65,2105,39,0,Ernst Handel,Roland Mendel,Sales Manager,Leverling,Janet,Sales Representative,Louisiana Fiery Hot Pepper Sauce,2,2,32 - 8 oz bottles,2105,76,0,0,0,Condiments,New Orleans Cajun Delights,Shelley Burke,Order Administrator
10514,701,ERNSH,3,1997-04-22,1997-05-20,1997-05-16,2,78995,75,775,50,0,Ernst Handel,Roland Mendel,Sales Manager,Leverling,Janet,Sales Representative,Rhönbräu Klosterbier,12,1,24 - 05 l bottles,775,125,0,25,0,Beverages,Plutzer LebensmittelgroÁEmärkte AG,Martin Bein,International Marketing Mgr
10515,702,QUICK,2,1997-04-23,1997-05-07,1997-05-23,1,20447,9,97,16,15,QUICK-Stop,Horst Kloss,Accounting Manager,Fuller,Andrew,Vice President  Sales,Mishi Kobe Niku,4,6,18 - 500 g pkgs,97,29,0,0,1,Meat/Poultry,Tokyo Traders,Yoshi Nagase,Marketing Manager
10515,703,QUICK,2,1997-04-23,1997-05-07,1997-05-23,1,20447,16,1745,50,0,QUICK-Stop,Horst Kloss,Accounting Manager,Fuller,Andrew,Vice President  Sales,Pavlova,7,3,32 - 500 g boxes,1745,29,0,10,0,Confections,Pavlova, Ltd,Ian Devling
10515,704,QUICK,2,1997-04-23,1997-05-07,1997-05-23,1,20447,27,439,120,0,QUICK-Stop,Horst Kloss,Accounting Manager,Fuller,Andrew,Vice President  Sales,Schoggi Schokolade,11,3,100 - 100 g pieces,439,49,0,30,0,Confections,Heli SüÁEwaren GmbH & Co KG,Petra Winkler,Sales Manager
10515,705,QUICK,2,1997-04-23,1997-05-07,1997-05-23,1,20447,33,25,16,15,QUICK-Stop,Horst Kloss,Accounting Manager,Fuller,Andrew,Vice President  Sales,Geitost,15,4,500 g,25,112,0,20,0,Dairy Products,Norske Meierier,Beate Vileid,Marketing Manager
10515,706,QUICK,2,1997-04-23,1997-05-07,1997-05-23,1,20447,60,34,84,15,QUICK-Stop,Horst Kloss,Accounting Manager,Fuller,Andrew,Vice President  Sales,Camembert Pierrot,28,4,15 - 300 g rounds,34,19,0,0,0,Dairy Products,Gai pâturage,Eliane Noz,Sales Representative
10516,707,HUNGO,2,1997-04-24,1997-05-22,1997-05-01,3,6278,18,625,25,1,Hungry Owl All-Night Grocers,Patricia McKenna,Sales Associate,Fuller,Andrew,Vice President  Sales,Carnarvon Tigers,7,8,16 kg pkg,625,42,0,0,0,Seafood,Pavlova, Ltd,Ian Devling
10516,708,HUNGO,2,1997-04-24,1997-05-22,1997-05-01,3,6278,41,965,80,1,Hungry Owl All-Night Grocers,Patricia McKenna,Sales Associate,Fuller,Andrew,Vice President  Sales,Jack's New England Clam Chowder,19,8,12 - 12 oz cans,965,85,0,10,0,Seafood,New England Seafood Cannery,Robb Merchant,Wholesale Account Agent
10516,709,HUNGO,2,1997-04-24,1997-05-22,1997-05-01,3,6278,42,14,20,0,Hungry Owl All-Night Grocers,Patricia McKenna,Sales Associate,Fuller,Andrew,Vice President  Sales,Singaporean Hokkien Fried Mee,20,5,32 - 1 kg pkgs,14,26,0,0,1,Grains/Cereals,Leka Trading,Chandra Leka,Owner
10517,710,NORTS,3,1997-04-24,1997-05-22,1997-04-29,3,3207,52,7,6,0,North/South,Simon Crowther,Sales Associate,Leverling,Janet,Sales Representative,Filo Mix,24,5,16 - 2 kg boxes,7,38,0,25,0,Grains/Cereals,G'day, Mate,Wendy Mackenzie
10517,711,NORTS,3,1997-04-24,1997-05-22,1997-04-29,3,3207,59,55,4,0,North/South,Simon Crowther,Sales Associate,Leverling,Janet,Sales Representative,Raclette Courdavault,28,4,5 kg pkg,55,79,0,0,0,Dairy Products,Gai pâturage,Eliane Noz,Sales Representative
10517,712,NORTS,3,1997-04-24,1997-05-22,1997-04-29,3,3207,70,15,6,0,North/South,Simon Crowther,Sales Associate,Leverling,Janet,Sales Representative,Outback Lager,7,1,24 - 355 ml bottles,15,15,10,30,0,Beverages,Pavlova, Ltd,Ian Devling
10518,713,TORTU,4,1997-04-25,1997-05-09,1997-05-05,2,21815,24,45,5,0,Tortuga Restaurante,Miguel Angel Paolino,Owner,Peacock,Margaret,Sales Representative,Guaraná Fantástica,10,1,12 - 355 ml cans,45,20,0,0,1,Beverages,Refrescos Americanas LTDA,Carlos Diaz,Marketing Manager
10518,714,TORTU,4,1997-04-25,1997-05-09,1997-05-05,2,21815,38,2635,15,0,Tortuga Restaurante,Miguel Angel Paolino,Owner,Peacock,Margaret,Sales Representative,Côte de Blaye,18,1,12 - 75 cl bottles,2635,17,0,15,0,Beverages,Aux joyeux ecclésiastiques,Guylène Nodier,Sales Manager
10518,715,TORTU,4,1997-04-25,1997-05-09,1997-05-05,2,21815,44,1945,9,0,Tortuga Restaurante,Miguel Angel Paolino,Owner,Peacock,Margaret,Sales Representative,Gula Malacca,20,2,20 - 2 kg bags,1945,27,0,15,0,Condiments,Leka Trading,Chandra Leka,Owner
10519,716,CHOPS,6,1997-04-28,1997-05-26,1997-05-01,3,9176,10,31,16,5,Chop-suey Chinese,Yang Wang,Owner,Suyama,Michael,Sales Representative,Ikura,4,8,12 - 200 ml jars,31,31,0,0,0,Seafood,Tokyo Traders,Yoshi Nagase,Marketing Manager
10519,717,CHOPS,6,1997-04-28,1997-05-26,1997-05-01,3,9176,56,38,40,0,Chop-suey Chinese,Yang Wang,Owner,Suyama,Michael,Sales Representative,Gnocchi di nonna Alice,26,5,24 - 250 g pkgs,38,21,10,30,0,Grains/Cereals,Pasta Buttini srl,Giovanni Giudici,Order Administrator
10519,718,CHOPS,6,1997-04-28,1997-05-26,1997-05-01,3,9176,60,34,10,5,Chop-suey Chinese,Yang Wang,Owner,Suyama,Michael,Sales Representative,Camembert Pierrot,28,4,15 - 300 g rounds,34,19,0,0,0,Dairy Products,Gai pâturage,Eliane Noz,Sales Representative
10520,719,SANTG,7,1997-04-29,1997-05-27,1997-05-01,1,1337,24,45,8,0,Santé Gourmet,Jonas Bergulfsen,Owner,King,Robert,Sales Representative,Guaraná Fantástica,10,1,12 - 355 ml cans,45,20,0,0,1,Beverages,Refrescos Americanas LTDA,Carlos Diaz,Marketing Manager
10520,720,SANTG,7,1997-04-29,1997-05-27,1997-05-01,1,1337,53,328,5,0,Santé Gourmet,Jonas Bergulfsen,Owner,King,Robert,Sales Representative,Perth Pasties,24,6,48 pieces,328,0,0,0,1,Meat/Poultry,G'day, Mate,Wendy Mackenzie
10521,721,CACTU,8,1997-04-29,1997-05-27,1997-05-02,2,1722,35,18,3,0,Cactus Comidas para llevar,Patricio Simpson,Sales Agent,Callahan,Laura,Inside Sales Coordinator,Steeleye Stout,16,1,24 - 12 oz bottles,18,20,0,15,0,Beverages,Bigfoot Breweries,Cheryl Saylor,Regional Account Rep
10521,722,CACTU,8,1997-04-29,1997-05-27,1997-05-02,2,1722,41,965,10,0,Cactus Comidas para llevar,Patricio Simpson,Sales Agent,Callahan,Laura,Inside Sales Coordinator,Jack's New England Clam Chowder,19,8,12 - 12 oz cans,965,85,0,10,0,Seafood,New England Seafood Cannery,Robb Merchant,Wholesale Account Agent
10521,723,CACTU,8,1997-04-29,1997-05-27,1997-05-02,2,1722,68,125,6,0,Cactus Comidas para llevar,Patricio Simpson,Sales Agent,Callahan,Laura,Inside Sales Coordinator,Scottish Longbreads,8,3,10 boxes x 8 pieces,125,6,10,15,0,Confections,Specialty Biscuits, Ltd,Peter Wilson
10522,724,LEHMS,4,1997-04-30,1997-05-28,1997-05-06,1,4533,1,18,40,2,Lehmanns Marktstand,Renate Messner,Sales Representative,Peacock,Margaret,Sales Representative,Chai,1,1,10 boxes x 20 bags,18,39,0,10,0,Beverages,Exotic Liquids,Charlotte Cooper,Purchasing Manager
10522,725,LEHMS,4,1997-04-30,1997-05-28,1997-05-06,1,4533,8,40,24,0,Lehmanns Marktstand,Renate Messner,Sales Representative,Peacock,Margaret,Sales Representative,Northwoods Cranberry Sauce,3,2,12 - 12 oz jars,40,6,0,0,0,Condiments,Grandma Kelly's Homestead,Regina Murphy,Sales Representative
10522,726,LEHMS,4,1997-04-30,1997-05-28,1997-05-06,1,4533,30,2589,20,2,Lehmanns Marktstand,Renate Messner,Sales Representative,Peacock,Margaret,Sales Representative,Nord-Ost Matjeshering,13,8,10 - 200 g glasses,2589,10,0,15,0,Seafood,Nord-Ost-Fisch Handelsgesellschaft mbH,Sven Petersen,Coordinator Foreign Markets
10522,727,LEHMS,4,1997-04-30,1997-05-28,1997-05-06,1,4533,40,184,25,2,Lehmanns Marktstand,Renate Messner,Sales Representative,Peacock,Margaret,Sales Representative,Boston Crab Meat,19,8,24 - 4 oz tins,184,123,0,30,0,Seafood,New England Seafood Cannery,Robb Merchant,Wholesale Account Agent
10523,728,SEVES,7,1997-05-01,1997-05-29,1997-05-30,2,7763,17,39,25,1,Seven Seas Imports,Hari Kumar,Sales Manager,King,Robert,Sales Representative,Alice Mutton,7,6,20 - 1 kg tins,39,0,0,0,1,Meat/Poultry,Pavlova, Ltd,Ian Devling
10523,729,SEVES,7,1997-05-01,1997-05-29,1997-05-30,2,7763,20,81,15,1,Seven Seas Imports,Hari Kumar,Sales Manager,King,Robert,Sales Representative,Sir Rodney's Marmalade,8,3,30 gift boxes,81,40,0,0,0,Confections,Specialty Biscuits, Ltd,Peter Wilson
10523,730,SEVES,7,1997-05-01,1997-05-29,1997-05-30,2,7763,37,26,18,1,Seven Seas Imports,Hari Kumar,Sales Manager,King,Robert,Sales Representative,Gravad lax,17,8,12 - 500 g pkgs,26,11,50,25,0,Seafood,Svensk Sjöföda AB,Michael Björn,Sales Representative
10523,731,SEVES,7,1997-05-01,1997-05-29,1997-05-30,2,7763,41,965,6,1,Seven Seas Imports,Hari Kumar,Sales Manager,King,Robert,Sales Representative,Jack's New England Clam Chowder,19,8,12 - 12 oz cans,965,85,0,10,0,Seafood,New England Seafood Cannery,Robb Merchant,Wholesale Account Agent
10524,732,BERGS,1,1997-05-01,1997-05-29,1997-05-07,2,24479,10,31,2,0,Berglunds snabbköp,Christina Berglund,Order Administrator,Davolio,Nancy,Sales Representative,Ikura,4,8,12 - 200 ml jars,31,31,0,0,0,Seafood,Tokyo Traders,Yoshi Nagase,Marketing Manager
10524,733,BERGS,1,1997-05-01,1997-05-29,1997-05-07,2,24479,30,2589,10,0,Berglunds snabbköp,Christina Berglund,Order Administrator,Davolio,Nancy,Sales Representative,Nord-Ost Matjeshering,13,8,10 - 200 g glasses,2589,10,0,15,0,Seafood,Nord-Ost-Fisch Handelsgesellschaft mbH,Sven Petersen,Coordinator Foreign Markets
10524,734,BERGS,1,1997-05-01,1997-05-29,1997-05-07,2,24479,43,46,60,0,Berglunds snabbköp,Christina Berglund,Order Administrator,Davolio,Nancy,Sales Representative,Ipoh Coffee,20,1,16 - 500 g tins,46,17,10,25,0,Beverages,Leka Trading,Chandra Leka,Owner
10524,735,BERGS,1,1997-05-01,1997-05-29,1997-05-07,2,24479,54,745,15,0,Berglunds snabbköp,Christina Berglund,Order Administrator,Davolio,Nancy,Sales Representative,Tourtière,25,6,16 pies,745,21,0,10,0,Meat/Poultry,Ma Maison,Jean-Guy Lauzon,Marketing Manager
10525,736,BONAP,1,1997-05-02,1997-05-30,1997-05-23,2,1106,36,19,30,0,Bon app',Laurence Lebihan,Owner,Davolio,Nancy,Sales Representative,Inlagd Sill,17,8,24 - 250 g  jars,19,112,0,20,0,Seafood,Svensk Sjöföda AB,Michael Björn,Sales Representative
10525,737,BONAP,1,1997-05-02,1997-05-30,1997-05-23,2,1106,40,184,15,1,Bon app',Laurence Lebihan,Owner,Davolio,Nancy,Sales Representative,Boston Crab Meat,19,8,24 - 4 oz tins,184,123,0,30,0,Seafood,New England Seafood Cannery,Robb Merchant,Wholesale Account Agent
10526,738,WARTH,4,1997-05-05,1997-06-02,1997-05-15,2,5859,1,18,8,15,Wartian Herkku,Pirkko Koskitalo,Accounting Manager,Peacock,Margaret,Sales Representative,Chai,1,1,10 boxes x 20 bags,18,39,0,10,0,Beverages,Exotic Liquids,Charlotte Cooper,Purchasing Manager
10526,739,WARTH,4,1997-05-05,1997-06-02,1997-05-15,2,5859,13,6,10,0,Wartian Herkku,Pirkko Koskitalo,Accounting Manager,Peacock,Margaret,Sales Representative,Konbu,6,8,2 kg box,6,24,0,5,0,Seafood,Mayumi's,Mayumi Ohno,Marketing Representative
10526,740,WARTH,4,1997-05-05,1997-06-02,1997-05-15,2,5859,56,38,30,15,Wartian Herkku,Pirkko Koskitalo,Accounting Manager,Peacock,Margaret,Sales Representative,Gnocchi di nonna Alice,26,5,24 - 250 g pkgs,38,21,10,30,0,Grains/Cereals,Pasta Buttini srl,Giovanni Giudici,Order Administrator
10527,741,QUICK,7,1997-05-05,1997-06-02,1997-05-07,1,419,4,22,50,1,QUICK-Stop,Horst Kloss,Accounting Manager,King,Robert,Sales Representative,Chef Anton's Cajun Seasoning,2,2,48 - 6 oz jars,22,53,0,0,0,Condiments,New Orleans Cajun Delights,Shelley Burke,Order Administrator
10527,742,QUICK,7,1997-05-05,1997-06-02,1997-05-07,1,419,36,19,30,1,QUICK-Stop,Horst Kloss,Accounting Manager,King,Robert,Sales Representative,Inlagd Sill,17,8,24 - 250 g  jars,19,112,0,20,0,Seafood,Svensk Sjöföda AB,Michael Björn,Sales Representative
10528,743,GREAL,6,1997-05-06,1997-05-20,1997-05-09,2,335,11,21,3,0,Great Lakes Food Market,Howard Snyder,Marketing Manager,Suyama,Michael,Sales Representative,Queso Cabrales,5,4,1 kg pkg,21,22,30,30,0,Dairy Products,Cooperativa de Quesos 'Las Cabras',Antonio del Valle Saavedra,Export Administrator
10528,744,GREAL,6,1997-05-06,1997-05-20,1997-05-09,2,335,33,25,8,2,Great Lakes Food Market,Howard Snyder,Marketing Manager,Suyama,Michael,Sales Representative,Geitost,15,4,500 g,25,112,0,20,0,Dairy Products,Norske Meierier,Beate Vileid,Marketing Manager
10528,745,GREAL,6,1997-05-06,1997-05-20,1997-05-09,2,335,72,348,9,0,Great Lakes Food Market,Howard Snyder,Marketing Manager,Suyama,Michael,Sales Representative,Mozzarella di Giovanni,14,4,24 - 200 g pkgs,348,14,0,0,0,Dairy Products,Formaggi Fortini srl,Elio Rossi,Sales Representative
10529,746,MAISD,5,1997-05-07,1997-06-04,1997-05-09,2,6669,55,24,14,0,Maison Dewey,Catherine Dewey,Sales Agent,Buchanan,Steven,Sales Manager,Pâté chinois,25,6,24 boxes x 2 pies,24,115,0,20,0,Meat/Poultry,Ma Maison,Jean-Guy Lauzon,Marketing Manager
10529,747,MAISD,5,1997-05-07,1997-06-04,1997-05-09,2,6669,68,125,20,0,Maison Dewey,Catherine Dewey,Sales Agent,Buchanan,Steven,Sales Manager,Scottish Longbreads,8,3,10 boxes x 8 pieces,125,6,10,15,0,Confections,Specialty Biscuits, Ltd,Peter Wilson
10529,748,MAISD,5,1997-05-07,1997-06-04,1997-05-09,2,6669,69,36,10,0,Maison Dewey,Catherine Dewey,Sales Agent,Buchanan,Steven,Sales Manager,Gudbrandsdalsost,15,4,10 kg pkg,36,26,0,15,0,Dairy Products,Norske Meierier,Beate Vileid,Marketing Manager
10530,749,PICCO,3,1997-05-08,1997-06-05,1997-05-12,2,33922,17,39,40,0,Piccolo und mehr,Georg Pipps,Sales Manager,Leverling,Janet,Sales Representative,Alice Mutton,7,6,20 - 1 kg tins,39,0,0,0,1,Meat/Poultry,Pavlova, Ltd,Ian Devling
10530,750,PICCO,3,1997-05-08,1997-06-05,1997-05-12,2,33922,43,46,25,0,Piccolo und mehr,Georg Pipps,Sales Manager,Leverling,Janet,Sales Representative,Ipoh Coffee,20,1,16 - 500 g tins,46,17,10,25,0,Beverages,Leka Trading,Chandra Leka,Owner
10530,751,PICCO,3,1997-05-08,1997-06-05,1997-05-12,2,33922,61,285,20,0,Piccolo und mehr,Georg Pipps,Sales Manager,Leverling,Janet,Sales Representative,Sirop d'érable,29,2,24 - 500 ml bottles,285,113,0,25,0,Condiments,Forêts d'érables,Chantal Goulet,Accounting Manager
10530,752,PICCO,3,1997-05-08,1997-06-05,1997-05-12,2,33922,76,18,50,0,Piccolo und mehr,Georg Pipps,Sales Manager,Leverling,Janet,Sales Representative,Lakkalikööri,23,1,500 ml,18,57,0,20,0,Beverages,Karkki Oy,Anne Heikkonen,Product Manager
10531,753,OCEAN,7,1997-05-08,1997-06-05,1997-05-19,1,812,59,55,2,0,Océano Atlántico Ltda,Yvonne Moncada,Sales Agent,King,Robert,Sales Representative,Raclette Courdavault,28,4,5 kg pkg,55,79,0,0,0,Dairy Products,Gai pâturage,Eliane Noz,Sales Representative
10532,754,EASTC,7,1997-05-09,1997-06-06,1997-05-12,3,7446,30,2589,15,0,Eastern Connection,Ann Devon,Sales Agent,King,Robert,Sales Representative,Nord-Ost Matjeshering,13,8,10 - 200 g glasses,2589,10,0,15,0,Seafood,Nord-Ost-Fisch Handelsgesellschaft mbH,Sven Petersen,Coordinator Foreign Markets
10532,755,EASTC,7,1997-05-09,1997-06-06,1997-05-12,3,7446,66,17,24,0,Eastern Connection,Ann Devon,Sales Agent,King,Robert,Sales Representative,Louisiana Hot Spiced Okra,2,2,24 - 8 oz jars,17,4,100,20,0,Condiments,New Orleans Cajun Delights,Shelley Burke,Order Administrator
10533,756,FOLKO,8,1997-05-12,1997-06-09,1997-05-22,1,18804,4,22,50,5,Folk och fä HB,Maria Larsson,Owner,Callahan,Laura,Inside Sales Coordinator,Chef Anton's Cajun Seasoning,2,2,48 - 6 oz jars,22,53,0,0,0,Condiments,New Orleans Cajun Delights,Shelley Burke,Order Administrator
10533,757,FOLKO,8,1997-05-12,1997-06-09,1997-05-22,1,18804,72,348,24,0,Folk och fä HB,Maria Larsson,Owner,Callahan,Laura,Inside Sales Coordinator,Mozzarella di Giovanni,14,4,24 - 200 g pkgs,348,14,0,0,0,Dairy Products,Formaggi Fortini srl,Elio Rossi,Sales Representative
10533,758,FOLKO,8,1997-05-12,1997-06-09,1997-05-22,1,18804,73,15,24,5,Folk och fä HB,Maria Larsson,Owner,Callahan,Laura,Inside Sales Coordinator,Röd Kaviar,17,8,24 - 150 g jars,15,101,0,5,0,Seafood,Svensk Sjöföda AB,Michael Björn,Sales Representative
10534,759,LEHMS,8,1997-05-12,1997-06-09,1997-05-14,2,2794,30,2589,10,0,Lehmanns Marktstand,Renate Messner,Sales Representative,Callahan,Laura,Inside Sales Coordinator,Nord-Ost Matjeshering,13,8,10 - 200 g glasses,2589,10,0,15,0,Seafood,Nord-Ost-Fisch Handelsgesellschaft mbH,Sven Petersen,Coordinator Foreign Markets
10534,760,LEHMS,8,1997-05-12,1997-06-09,1997-05-14,2,2794,40,184,10,2,Lehmanns Marktstand,Renate Messner,Sales Representative,Callahan,Laura,Inside Sales Coordinator,Boston Crab Meat,19,8,24 - 4 oz tins,184,123,0,30,0,Seafood,New England Seafood Cannery,Robb Merchant,Wholesale Account Agent
10534,761,LEHMS,8,1997-05-12,1997-06-09,1997-05-14,2,2794,54,745,10,2,Lehmanns Marktstand,Renate Messner,Sales Representative,Callahan,Laura,Inside Sales Coordinator,Tourtière,25,6,16 pies,745,21,0,10,0,Meat/Poultry,Ma Maison,Jean-Guy Lauzon,Marketing Manager
10535,762,ANTON,4,1997-05-13,1997-06-10,1997-05-21,1,1564,11,21,50,1,Antonio Moreno Taquería,Antonio Moreno,Owner,Peacock,Margaret,Sales Representative,Queso Cabrales,5,4,1 kg pkg,21,22,30,30,0,Dairy Products,Cooperativa de Quesos 'Las Cabras',Antonio del Valle Saavedra,Export Administrator
10535,763,ANTON,4,1997-05-13,1997-06-10,1997-05-21,1,1564,40,184,10,1,Antonio Moreno Taquería,Antonio Moreno,Owner,Peacock,Margaret,Sales Representative,Boston Crab Meat,19,8,24 - 4 oz tins,184,123,0,30,0,Seafood,New England Seafood Cannery,Robb Merchant,Wholesale Account Agent
10535,764,ANTON,4,1997-05-13,1997-06-10,1997-05-21,1,1564,57,195,5,1,Antonio Moreno Taquería,Antonio Moreno,Owner,Peacock,Margaret,Sales Representative,Ravioli Angelo,26,5,24 - 250 g pkgs,195,36,0,20,0,Grains/Cereals,Pasta Buttini srl,Giovanni Giudici,Order Administrator
10535,765,ANTON,4,1997-05-13,1997-06-10,1997-05-21,1,1564,59,55,15,1,Antonio Moreno Taquería,Antonio Moreno,Owner,Peacock,Margaret,Sales Representative,Raclette Courdavault,28,4,5 kg pkg,55,79,0,0,0,Dairy Products,Gai pâturage,Eliane Noz,Sales Representative
10536,766,LEHMS,3,1997-05-14,1997-06-11,1997-06-06,2,5888,12,38,15,25,Lehmanns Marktstand,Renate Messner,Sales Representative,Leverling,Janet,Sales Representative,Queso Manchego La Pastora,5,4,10 - 500 g pkgs,38,86,0,0,0,Dairy Products,Cooperativa de Quesos 'Las Cabras',Antonio del Valle Saavedra,Export Administrator
10536,767,LEHMS,3,1997-05-14,1997-06-11,1997-06-06,2,5888,31,125,20,0,Lehmanns Marktstand,Renate Messner,Sales Representative,Leverling,Janet,Sales Representative,Gorgonzola Telino,14,4,12 - 100 g pkgs,125,0,70,20,0,Dairy Products,Formaggi Fortini srl,Elio Rossi,Sales Representative
10536,768,LEHMS,3,1997-05-14,1997-06-11,1997-06-06,2,5888,33,25,30,0,Lehmanns Marktstand,Renate Messner,Sales Representative,Leverling,Janet,Sales Representative,Geitost,15,4,500 g,25,112,0,20,0,Dairy Products,Norske Meierier,Beate Vileid,Marketing Manager
10536,769,LEHMS,3,1997-05-14,1997-06-11,1997-06-06,2,5888,60,34,35,25,Lehmanns Marktstand,Renate Messner,Sales Representative,Leverling,Janet,Sales Representative,Camembert Pierrot,28,4,15 - 300 g rounds,34,19,0,0,0,Dairy Products,Gai pâturage,Eliane Noz,Sales Representative
10537,770,RICSU,1,1997-05-14,1997-05-28,1997-05-19,1,7885,31,125,30,0,Richter Supermarkt,Michael Holz,Sales Manager,Davolio,Nancy,Sales Representative,Gorgonzola Telino,14,4,12 - 100 g pkgs,125,0,70,20,0,Dairy Products,Formaggi Fortini srl,Elio Rossi,Sales Representative
10537,771,RICSU,1,1997-05-14,1997-05-28,1997-05-19,1,7885,51,53,6,0,Richter Supermarkt,Michael Holz,Sales Manager,Davolio,Nancy,Sales Representative,Manjimup Dried Apples,24,7,50 - 300 g pkgs,53,20,0,10,0,Produce,G'day, Mate,Wendy Mackenzie
10537,772,RICSU,1,1997-05-14,1997-05-28,1997-05-19,1,7885,58,1325,20,0,Richter Supermarkt,Michael Holz,Sales Manager,Davolio,Nancy,Sales Representative,Escargots de Bourgogne,27,8,24 pieces,1325,62,0,20,0,Seafood,Escargots Nouveaux,Marie Delamare,Sales Manager
10537,773,RICSU,1,1997-05-14,1997-05-28,1997-05-19,1,7885,72,348,21,0,Richter Supermarkt,Michael Holz,Sales Manager,Davolio,Nancy,Sales Representative,Mozzarella di Giovanni,14,4,24 - 200 g pkgs,348,14,0,0,0,Dairy Products,Formaggi Fortini srl,Elio Rossi,Sales Representative
10537,774,RICSU,1,1997-05-14,1997-05-28,1997-05-19,1,7885,73,15,9,0,Richter Supermarkt,Michael Holz,Sales Manager,Davolio,Nancy,Sales Representative,Röd Kaviar,17,8,24 - 150 g jars,15,101,0,5,0,Seafood,Svensk Sjöföda AB,Michael Björn,Sales Representative
10538,775,BSBEV,9,1997-05-15,1997-06-12,1997-05-16,3,487,70,15,7,0,B's Beverages,Victoria Ashworth,Sales Representative,Dodsworth,Anne,Sales Representative,Outback Lager,7,1,24 - 355 ml bottles,15,15,10,30,0,Beverages,Pavlova, Ltd,Ian Devling
10538,776,BSBEV,9,1997-05-15,1997-06-12,1997-05-16,3,487,72,348,1,0,B's Beverages,Victoria Ashworth,Sales Representative,Dodsworth,Anne,Sales Representative,Mozzarella di Giovanni,14,4,24 - 200 g pkgs,348,14,0,0,0,Dairy Products,Formaggi Fortini srl,Elio Rossi,Sales Representative
10539,777,BSBEV,6,1997-05-16,1997-06-13,1997-05-23,3,1236,13,6,8,0,B's Beverages,Victoria Ashworth,Sales Representative,Suyama,Michael,Sales Representative,Konbu,6,8,2 kg box,6,24,0,5,0,Seafood,Mayumi's,Mayumi Ohno,Marketing Representative
10539,778,BSBEV,6,1997-05-16,1997-06-13,1997-05-23,3,1236,21,10,15,0,B's Beverages,Victoria Ashworth,Sales Representative,Suyama,Michael,Sales Representative,Sir Rodney's Scones,8,3,24 pkgs x 4 pieces,10,3,40,5,0,Confections,Specialty Biscuits, Ltd,Peter Wilson
10539,779,BSBEV,6,1997-05-16,1997-06-13,1997-05-23,3,1236,33,25,15,0,B's Beverages,Victoria Ashworth,Sales Representative,Suyama,Michael,Sales Representative,Geitost,15,4,500 g,25,112,0,20,0,Dairy Products,Norske Meierier,Beate Vileid,Marketing Manager
10539,780,BSBEV,6,1997-05-16,1997-06-13,1997-05-23,3,1236,49,20,6,0,B's Beverages,Victoria Ashworth,Sales Representative,Suyama,Michael,Sales Representative,Maxilaku,23,3,24 - 50 g pkgs,20,10,60,15,0,Confections,Karkki Oy,Anne Heikkonen,Product Manager
10540,781,QUICK,3,1997-05-19,1997-06-16,1997-06-13,3,100764,3,10,60,0,QUICK-Stop,Horst Kloss,Accounting Manager,Leverling,Janet,Sales Representative,Aniseed Syrup,1,2,12 - 550 ml bottles,10,13,70,25,0,Condiments,Exotic Liquids,Charlotte Cooper,Purchasing Manager
10540,782,QUICK,3,1997-05-19,1997-06-16,1997-06-13,3,100764,26,3123,40,0,QUICK-Stop,Horst Kloss,Accounting Manager,Leverling,Janet,Sales Representative,Gumbär Gummibärchen,11,3,100 - 250 g bags,3123,15,0,0,0,Confections,Heli SüÁEwaren GmbH & Co KG,Petra Winkler,Sales Manager
10540,783,QUICK,3,1997-05-19,1997-06-16,1997-06-13,3,100764,38,2635,30,0,QUICK-Stop,Horst Kloss,Accounting Manager,Leverling,Janet,Sales Representative,Côte de Blaye,18,1,12 - 75 cl bottles,2635,17,0,15,0,Beverages,Aux joyeux ecclésiastiques,Guylène Nodier,Sales Manager
10540,784,QUICK,3,1997-05-19,1997-06-16,1997-06-13,3,100764,68,125,35,0,QUICK-Stop,Horst Kloss,Accounting Manager,Leverling,Janet,Sales Representative,Scottish Longbreads,8,3,10 boxes x 8 pieces,125,6,10,15,0,Confections,Specialty Biscuits, Ltd,Peter Wilson
10541,785,HANAR,2,1997-05-19,1997-06-16,1997-05-29,1,6865,24,45,35,1,Hanari Carnes,Mario Pontes,Accounting Manager,Fuller,Andrew,Vice President  Sales,Guaraná Fantástica,10,1,12 - 355 ml cans,45,20,0,0,1,Beverages,Refrescos Americanas LTDA,Carlos Diaz,Marketing Manager
10541,786,HANAR,2,1997-05-19,1997-06-16,1997-05-29,1,6865,38,2635,4,1,Hanari Carnes,Mario Pontes,Accounting Manager,Fuller,Andrew,Vice President  Sales,Côte de Blaye,18,1,12 - 75 cl bottles,2635,17,0,15,0,Beverages,Aux joyeux ecclésiastiques,Guylène Nodier,Sales Manager
10541,787,HANAR,2,1997-05-19,1997-06-16,1997-05-29,1,6865,65,2105,36,1,Hanari Carnes,Mario Pontes,Accounting Manager,Fuller,Andrew,Vice President  Sales,Louisiana Fiery Hot Pepper Sauce,2,2,32 - 8 oz bottles,2105,76,0,0,0,Condiments,New Orleans Cajun Delights,Shelley Burke,Order Administrator
10541,788,HANAR,2,1997-05-19,1997-06-16,1997-05-29,1,6865,71,215,9,1,Hanari Carnes,Mario Pontes,Accounting Manager,Fuller,Andrew,Vice President  Sales,Flotemysost,15,4,10 - 500 g pkgs,215,26,0,0,0,Dairy Products,Norske Meierier,Beate Vileid,Marketing Manager
10542,789,KOENE,1,1997-05-20,1997-06-17,1997-05-26,3,1095,11,21,15,5,Königlich Essen,Philip Cramer,Sales Associate,Davolio,Nancy,Sales Representative,Queso Cabrales,5,4,1 kg pkg,21,22,30,30,0,Dairy Products,Cooperativa de Quesos 'Las Cabras',Antonio del Valle Saavedra,Export Administrator
10542,790,KOENE,1,1997-05-20,1997-06-17,1997-05-26,3,1095,54,745,24,5,Königlich Essen,Philip Cramer,Sales Associate,Davolio,Nancy,Sales Representative,Tourtière,25,6,16 pies,745,21,0,10,0,Meat/Poultry,Ma Maison,Jean-Guy Lauzon,Marketing Manager
10543,791,LILAS,8,1997-05-21,1997-06-18,1997-05-23,2,4817,12,38,30,15,LILA-Supermercado,Carlos González,Accounting Manager,Callahan,Laura,Inside Sales Coordinator,Queso Manchego La Pastora,5,4,10 - 500 g pkgs,38,86,0,0,0,Dairy Products,Cooperativa de Quesos 'Las Cabras',Antonio del Valle Saavedra,Export Administrator
10543,792,LILAS,8,1997-05-21,1997-06-18,1997-05-23,2,4817,23,9,70,15,LILA-Supermercado,Carlos González,Accounting Manager,Callahan,Laura,Inside Sales Coordinator,Tunnbröd,9,5,12 - 250 g pkgs,9,61,0,25,0,Grains/Cereals,PB Knäckebröd AB,Lars Peterson,Sales Agent
10544,793,LONEP,4,1997-05-21,1997-06-18,1997-05-30,1,2491,28,456,7,0,Lonesome Pine Restaurant,Fran Wilson,Sales Manager,Peacock,Margaret,Sales Representative,Rössle Sauerkraut,12,7,25 - 825 g cans,456,26,0,0,1,Produce,Plutzer LebensmittelgroÁEmärkte AG,Martin Bein,International Marketing Mgr
10544,794,LONEP,4,1997-05-21,1997-06-18,1997-05-30,1,2491,67,14,7,0,Lonesome Pine Restaurant,Fran Wilson,Sales Manager,Peacock,Margaret,Sales Representative,Laughing Lumberjack Lager,16,1,24 - 12 oz bottles,14,52,0,10,0,Beverages,Bigfoot Breweries,Cheryl Saylor,Regional Account Rep
10545,795,LAZYK,8,1997-05-22,1997-06-19,1997-06-26,2,1192,11,21,10,0,Lazy K Kountry Store,John Steel,Marketing Manager,Callahan,Laura,Inside Sales Coordinator,Queso Cabrales,5,4,1 kg pkg,21,22,30,30,0,Dairy Products,Cooperativa de Quesos 'Las Cabras',Antonio del Valle Saavedra,Export Administrator
10546,796,VICTE,1,1997-05-23,1997-06-20,1997-05-27,3,19472,7,30,10,0,Victuailles en stock,Mary Saveley,Sales Agent,Davolio,Nancy,Sales Representative,Uncle Bob's Organic Dried Pears,3,7,12 - 1 lb pkgs,30,15,0,10,0,Produce,Grandma Kelly's Homestead,Regina Murphy,Sales Representative
10546,797,VICTE,1,1997-05-23,1997-06-20,1997-05-27,3,19472,35,18,30,0,Victuailles en stock,Mary Saveley,Sales Agent,Davolio,Nancy,Sales Representative,Steeleye Stout,16,1,24 - 12 oz bottles,18,20,0,15,0,Beverages,Bigfoot Breweries,Cheryl Saylor,Regional Account Rep
10546,798,VICTE,1,1997-05-23,1997-06-20,1997-05-27,3,19472,62,493,40,0,Victuailles en stock,Mary Saveley,Sales Agent,Davolio,Nancy,Sales Representative,Tarte au sucre,29,3,48 pies,493,17,0,0,0,Confections,Forêts d'érables,Chantal Goulet,Accounting Manager
10547,799,SEVES,3,1997-05-23,1997-06-20,1997-06-02,2,17843,32,32,24,15,Seven Seas Imports,Hari Kumar,Sales Manager,Leverling,Janet,Sales Representative,Mascarpone Fabioli,14,4,24 - 200 g pkgs,32,9,40,25,0,Dairy Products,Formaggi Fortini srl,Elio Rossi,Sales Representative
10547,800,SEVES,3,1997-05-23,1997-06-20,1997-06-02,2,17843,36,19,60,0,Seven Seas Imports,Hari Kumar,Sales Manager,Leverling,Janet,Sales Representative,Inlagd Sill,17,8,24 - 250 g  jars,19,112,0,20,0,Seafood,Svensk Sjöföda AB,Michael Björn,Sales Representative
10548,801,TOMSP,3,1997-05-26,1997-06-23,1997-06-02,2,143,34,14,10,25,Toms Spezialitäten,Karin Josephs,Marketing Manager,Leverling,Janet,Sales Representative,Sasquatch Ale,16,1,24 - 12 oz bottles,14,111,0,15,0,Beverages,Bigfoot Breweries,Cheryl Saylor,Regional Account Rep
10548,802,TOMSP,3,1997-05-26,1997-06-23,1997-06-02,2,143,41,965,14,0,Toms Spezialitäten,Karin Josephs,Marketing Manager,Leverling,Janet,Sales Representative,Jack's New England Clam Chowder,19,8,12 - 12 oz cans,965,85,0,10,0,Seafood,New England Seafood Cannery,Robb Merchant,Wholesale Account Agent
10549,803,QUICK,5,1997-05-27,1997-06-10,1997-05-30,1,17124,31,125,55,15,QUICK-Stop,Horst Kloss,Accounting Manager,Buchanan,Steven,Sales Manager,Gorgonzola Telino,14,4,12 - 100 g pkgs,125,0,70,20,0,Dairy Products,Formaggi Fortini srl,Elio Rossi,Sales Representative
10549,804,QUICK,5,1997-05-27,1997-06-10,1997-05-30,1,17124,45,95,100,15,QUICK-Stop,Horst Kloss,Accounting Manager,Buchanan,Steven,Sales Manager,Rogede sild,21,8,1k pkg,95,5,70,15,0,Seafood,Lyngbysild,Niels Petersen,Sales Manager
10549,805,QUICK,5,1997-05-27,1997-06-10,1997-05-30,1,17124,51,53,48,15,QUICK-Stop,Horst Kloss,Accounting Manager,Buchanan,Steven,Sales Manager,Manjimup Dried Apples,24,7,50 - 300 g pkgs,53,20,0,10,0,Produce,G'day, Mate,Wendy Mackenzie
10550,806,GODOS,7,1997-05-28,1997-06-25,1997-06-06,3,432,17,39,8,1,Godos Cocina Típica,José Pedro Freyre,Sales Manager,King,Robert,Sales Representative,Alice Mutton,7,6,20 - 1 kg tins,39,0,0,0,1,Meat/Poultry,Pavlova, Ltd,Ian Devling
10550,807,GODOS,7,1997-05-28,1997-06-25,1997-06-06,3,432,19,92,10,0,Godos Cocina Típica,José Pedro Freyre,Sales Manager,King,Robert,Sales Representative,Teatime Chocolate Biscuits,8,3,10 boxes x 12 pieces,92,25,0,5,0,Confections,Specialty Biscuits, Ltd,Peter Wilson
10550,808,GODOS,7,1997-05-28,1997-06-25,1997-06-06,3,432,21,10,6,1,Godos Cocina Típica,José Pedro Freyre,Sales Manager,King,Robert,Sales Representative,Sir Rodney's Scones,8,3,24 pkgs x 4 pieces,10,3,40,5,0,Confections,Specialty Biscuits, Ltd,Peter Wilson
10550,809,GODOS,7,1997-05-28,1997-06-25,1997-06-06,3,432,61,285,10,1,Godos Cocina Típica,José Pedro Freyre,Sales Manager,King,Robert,Sales Representative,Sirop d'érable,29,2,24 - 500 ml bottles,285,113,0,25,0,Condiments,Forêts d'érables,Chantal Goulet,Accounting Manager
10551,810,FURIB,4,1997-05-28,1997-07-09,1997-06-06,3,7295,16,1745,40,15,Furia Bacalhau e Frutos do Mar,Lino Rodriguez,Sales Manager,Peacock,Margaret,Sales Representative,Pavlova,7,3,32 - 500 g boxes,1745,29,0,10,0,Confections,Pavlova, Ltd,Ian Devling
10551,811,FURIB,4,1997-05-28,1997-07-09,1997-06-06,3,7295,35,18,20,15,Furia Bacalhau e Frutos do Mar,Lino Rodriguez,Sales Manager,Peacock,Margaret,Sales Representative,Steeleye Stout,16,1,24 - 12 oz bottles,18,20,0,15,0,Beverages,Bigfoot Breweries,Cheryl Saylor,Regional Account Rep
10551,812,FURIB,4,1997-05-28,1997-07-09,1997-06-06,3,7295,44,1945,40,0,Furia Bacalhau e Frutos do Mar,Lino Rodriguez,Sales Manager,Peacock,Margaret,Sales Representative,Gula Malacca,20,2,20 - 2 kg bags,1945,27,0,15,0,Condiments,Leka Trading,Chandra Leka,Owner
10552,813,HILAA,2,1997-05-29,1997-06-26,1997-06-05,1,8322,69,36,18,0,HILARION-Abastos,Carlos Hernández,Sales Representative,Fuller,Andrew,Vice President  Sales,Gudbrandsdalsost,15,4,10 kg pkg,36,26,0,15,0,Dairy Products,Norske Meierier,Beate Vileid,Marketing Manager
10552,814,HILAA,2,1997-05-29,1997-06-26,1997-06-05,1,8322,75,775,30,0,HILARION-Abastos,Carlos Hernández,Sales Representative,Fuller,Andrew,Vice President  Sales,Rhönbräu Klosterbier,12,1,24 - 05 l bottles,775,125,0,25,0,Beverages,Plutzer LebensmittelgroÁEmärkte AG,Martin Bein,International Marketing Mgr
10553,815,WARTH,2,1997-05-30,1997-06-27,1997-06-03,2,14949,11,21,15,0,Wartian Herkku,Pirkko Koskitalo,Accounting Manager,Fuller,Andrew,Vice President  Sales,Queso Cabrales,5,4,1 kg pkg,21,22,30,30,0,Dairy Products,Cooperativa de Quesos 'Las Cabras',Antonio del Valle Saavedra,Export Administrator
10553,816,WARTH,2,1997-05-30,1997-06-27,1997-06-03,2,14949,16,1745,14,0,Wartian Herkku,Pirkko Koskitalo,Accounting Manager,Fuller,Andrew,Vice President  Sales,Pavlova,7,3,32 - 500 g boxes,1745,29,0,10,0,Confections,Pavlova, Ltd,Ian Devling
10553,817,WARTH,2,1997-05-30,1997-06-27,1997-06-03,2,14949,22,21,24,0,Wartian Herkku,Pirkko Koskitalo,Accounting Manager,Fuller,Andrew,Vice President  Sales,Gustaf's Knäckebröd,9,5,24 - 500 g pkgs,21,104,0,25,0,Grains/Cereals,PB Knäckebröd AB,Lars Peterson,Sales Agent
10553,818,WARTH,2,1997-05-30,1997-06-27,1997-06-03,2,14949,31,125,30,0,Wartian Herkku,Pirkko Koskitalo,Accounting Manager,Fuller,Andrew,Vice President  Sales,Gorgonzola Telino,14,4,12 - 100 g pkgs,125,0,70,20,0,Dairy Products,Formaggi Fortini srl,Elio Rossi,Sales Representative
10553,819,WARTH,2,1997-05-30,1997-06-27,1997-06-03,2,14949,35,18,6,0,Wartian Herkku,Pirkko Koskitalo,Accounting Manager,Fuller,Andrew,Vice President  Sales,Steeleye Stout,16,1,24 - 12 oz bottles,18,20,0,15,0,Beverages,Bigfoot Breweries,Cheryl Saylor,Regional Account Rep
10554,820,OTTIK,4,1997-05-30,1997-06-27,1997-06-05,3,12097,16,1745,30,5,Ottilies Käseladen,Henriette Pfalzheim,Owner,Peacock,Margaret,Sales Representative,Pavlova,7,3,32 - 500 g boxes,1745,29,0,10,0,Confections,Pavlova, Ltd,Ian Devling
10554,821,OTTIK,4,1997-05-30,1997-06-27,1997-06-05,3,12097,23,9,20,5,Ottilies Käseladen,Henriette Pfalzheim,Owner,Peacock,Margaret,Sales Representative,Tunnbröd,9,5,12 - 250 g pkgs,9,61,0,25,0,Grains/Cereals,PB Knäckebröd AB,Lars Peterson,Sales Agent
10554,822,OTTIK,4,1997-05-30,1997-06-27,1997-06-05,3,12097,62,493,20,5,Ottilies Käseladen,Henriette Pfalzheim,Owner,Peacock,Margaret,Sales Representative,Tarte au sucre,29,3,48 pies,493,17,0,0,0,Confections,Forêts d'érables,Chantal Goulet,Accounting Manager
10554,823,OTTIK,4,1997-05-30,1997-06-27,1997-06-05,3,12097,77,13,10,5,Ottilies Käseladen,Henriette Pfalzheim,Owner,Peacock,Margaret,Sales Representative,Original Frankfurter grüne SoÁEe,12,2,12 boxes,13,32,0,15,0,Condiments,Plutzer LebensmittelgroÁEmärkte AG,Martin Bein,International Marketing Mgr
10555,824,SAVEA,6,1997-06-02,1997-06-30,1997-06-04,3,25249,14,2325,30,2,Save-a-lot Markets,Jose Pavarotti,Sales Representative,Suyama,Michael,Sales Representative,Tofu,6,7,40 - 100 g pkgs,2325,35,0,0,0,Produce,Mayumi's,Mayumi Ohno,Marketing Representative
10555,825,SAVEA,6,1997-06-02,1997-06-30,1997-06-04,3,25249,19,92,35,2,Save-a-lot Markets,Jose Pavarotti,Sales Representative,Suyama,Michael,Sales Representative,Teatime Chocolate Biscuits,8,3,10 boxes x 12 pieces,92,25,0,5,0,Confections,Specialty Biscuits, Ltd,Peter Wilson
10555,826,SAVEA,6,1997-06-02,1997-06-30,1997-06-04,3,25249,24,45,18,2,Save-a-lot Markets,Jose Pavarotti,Sales Representative,Suyama,Michael,Sales Representative,Guaraná Fantástica,10,1,12 - 355 ml cans,45,20,0,0,1,Beverages,Refrescos Americanas LTDA,Carlos Diaz,Marketing Manager
10555,827,SAVEA,6,1997-06-02,1997-06-30,1997-06-04,3,25249,51,53,20,2,Save-a-lot Markets,Jose Pavarotti,Sales Representative,Suyama,Michael,Sales Representative,Manjimup Dried Apples,24,7,50 - 300 g pkgs,53,20,0,10,0,Produce,G'day, Mate,Wendy Mackenzie
10555,828,SAVEA,6,1997-06-02,1997-06-30,1997-06-04,3,25249,56,38,40,2,Save-a-lot Markets,Jose Pavarotti,Sales Representative,Suyama,Michael,Sales Representative,Gnocchi di nonna Alice,26,5,24 - 250 g pkgs,38,21,10,30,0,Grains/Cereals,Pasta Buttini srl,Giovanni Giudici,Order Administrator
10556,829,SIMOB,2,1997-06-03,1997-07-15,1997-06-13,1,98,72,348,24,0,Simons bistro,Jytte Petersen,Owner,Fuller,Andrew,Vice President  Sales,Mozzarella di Giovanni,14,4,24 - 200 g pkgs,348,14,0,0,0,Dairy Products,Formaggi Fortini srl,Elio Rossi,Sales Representative
10557,830,LEHMS,9,1997-06-03,1997-06-17,1997-06-06,2,9672,64,3325,30,0,Lehmanns Marktstand,Renate Messner,Sales Representative,Dodsworth,Anne,Sales Representative,Wimmers gute Semmelknödel,12,5,20 bags x 4 pieces,3325,22,80,30,0,Grains/Cereals,Plutzer LebensmittelgroÁEmärkte AG,Martin Bein,International Marketing Mgr
10557,831,LEHMS,9,1997-06-03,1997-06-17,1997-06-06,2,9672,75,775,20,0,Lehmanns Marktstand,Renate Messner,Sales Representative,Dodsworth,Anne,Sales Representative,Rhönbräu Klosterbier,12,1,24 - 05 l bottles,775,125,0,25,0,Beverages,Plutzer LebensmittelgroÁEmärkte AG,Martin Bein,International Marketing Mgr
10558,832,AROUT,1,1997-06-04,1997-07-02,1997-06-10,2,7297,47,95,25,0,Around the Horn,Thomas Hardy,Sales Representative,Davolio,Nancy,Sales Representative,Zaanse koeken,22,3,10 - 4 oz boxes,95,36,0,0,0,Confections,Zaanse Snoepfabriek,Dirk Luchte,Accounting Manager
10558,833,AROUT,1,1997-06-04,1997-07-02,1997-06-10,2,7297,51,53,20,0,Around the Horn,Thomas Hardy,Sales Representative,Davolio,Nancy,Sales Representative,Manjimup Dried Apples,24,7,50 - 300 g pkgs,53,20,0,10,0,Produce,G'day, Mate,Wendy Mackenzie
10558,834,AROUT,1,1997-06-04,1997-07-02,1997-06-10,2,7297,52,7,30,0,Around the Horn,Thomas Hardy,Sales Representative,Davolio,Nancy,Sales Representative,Filo Mix,24,5,16 - 2 kg boxes,7,38,0,25,0,Grains/Cereals,G'day, Mate,Wendy Mackenzie
10558,835,AROUT,1,1997-06-04,1997-07-02,1997-06-10,2,7297,53,328,18,0,Around the Horn,Thomas Hardy,Sales Representative,Davolio,Nancy,Sales Representative,Perth Pasties,24,6,48 pieces,328,0,0,0,1,Meat/Poultry,G'day, Mate,Wendy Mackenzie
10558,836,AROUT,1,1997-06-04,1997-07-02,1997-06-10,2,7297,73,15,3,0,Around the Horn,Thomas Hardy,Sales Representative,Davolio,Nancy,Sales Representative,Röd Kaviar,17,8,24 - 150 g jars,15,101,0,5,0,Seafood,Svensk Sjöföda AB,Michael Björn,Sales Representative
10559,837,BLONP,6,1997-06-05,1997-07-03,1997-06-13,1,805,41,965,12,5,Blondesddsl père et fils,Frédérique Citeaux,Marketing Manager,Suyama,Michael,Sales Representative,Jack's New England Clam Chowder,19,8,12 - 12 oz cans,965,85,0,10,0,Seafood,New England Seafood Cannery,Robb Merchant,Wholesale Account Agent
10559,838,BLONP,6,1997-06-05,1997-07-03,1997-06-13,1,805,55,24,18,5,Blondesddsl père et fils,Frédérique Citeaux,Marketing Manager,Suyama,Michael,Sales Representative,Pâté chinois,25,6,24 boxes x 2 pies,24,115,0,20,0,Meat/Poultry,Ma Maison,Jean-Guy Lauzon,Marketing Manager
10560,839,FRANK,8,1997-06-06,1997-07-04,1997-06-09,1,3665,30,2589,20,0,Frankenversand,Peter Franken,Marketing Manager,Callahan,Laura,Inside Sales Coordinator,Nord-Ost Matjeshering,13,8,10 - 200 g glasses,2589,10,0,15,0,Seafood,Nord-Ost-Fisch Handelsgesellschaft mbH,Sven Petersen,Coordinator Foreign Markets
10560,840,FRANK,8,1997-06-06,1997-07-04,1997-06-09,1,3665,62,493,15,25,Frankenversand,Peter Franken,Marketing Manager,Callahan,Laura,Inside Sales Coordinator,Tarte au sucre,29,3,48 pies,493,17,0,0,0,Confections,Forêts d'érables,Chantal Goulet,Accounting Manager
10561,841,FOLKO,2,1997-06-06,1997-07-04,1997-06-09,2,24221,44,1945,10,0,Folk och fä HB,Maria Larsson,Owner,Fuller,Andrew,Vice President  Sales,Gula Malacca,20,2,20 - 2 kg bags,1945,27,0,15,0,Condiments,Leka Trading,Chandra Leka,Owner
10561,842,FOLKO,2,1997-06-06,1997-07-04,1997-06-09,2,24221,51,53,50,0,Folk och fä HB,Maria Larsson,Owner,Fuller,Andrew,Vice President  Sales,Manjimup Dried Apples,24,7,50 - 300 g pkgs,53,20,0,10,0,Produce,G'day, Mate,Wendy Mackenzie
10562,843,REGGC,1,1997-06-09,1997-07-07,1997-06-12,1,2295,33,25,20,1,Reggiani Caseifici,Maurizio Moroni,Sales Associate,Davolio,Nancy,Sales Representative,Geitost,15,4,500 g,25,112,0,20,0,Dairy Products,Norske Meierier,Beate Vileid,Marketing Manager
10562,844,REGGC,1,1997-06-09,1997-07-07,1997-06-12,1,2295,62,493,10,1,Reggiani Caseifici,Maurizio Moroni,Sales Associate,Davolio,Nancy,Sales Representative,Tarte au sucre,29,3,48 pies,493,17,0,0,0,Confections,Forêts d'érables,Chantal Goulet,Accounting Manager
10563,845,RICAR,2,1997-06-10,1997-07-22,1997-06-24,2,6043,36,19,25,0,Ricardo Adocicados,Janete Limeira,Assistant Sales Agent,Fuller,Andrew,Vice President  Sales,Inlagd Sill,17,8,24 - 250 g  jars,19,112,0,20,0,Seafood,Svensk Sjöföda AB,Michael Björn,Sales Representative
10563,846,RICAR,2,1997-06-10,1997-07-22,1997-06-24,2,6043,52,7,70,0,Ricardo Adocicados,Janete Limeira,Assistant Sales Agent,Fuller,Andrew,Vice President  Sales,Filo Mix,24,5,16 - 2 kg boxes,7,38,0,25,0,Grains/Cereals,G'day, Mate,Wendy Mackenzie
10564,847,RATTC,4,1997-06-10,1997-07-08,1997-06-16,3,1375,17,39,16,5,Rattlesnake Canyon Grocery,Paula Wilson,Assistant Sales Representative,Peacock,Margaret,Sales Representative,Alice Mutton,7,6,20 - 1 kg tins,39,0,0,0,1,Meat/Poultry,Pavlova, Ltd,Ian Devling
10564,848,RATTC,4,1997-06-10,1997-07-08,1997-06-16,3,1375,31,125,6,5,Rattlesnake Canyon Grocery,Paula Wilson,Assistant Sales Representative,Peacock,Margaret,Sales Representative,Gorgonzola Telino,14,4,12 - 100 g pkgs,125,0,70,20,0,Dairy Products,Formaggi Fortini srl,Elio Rossi,Sales Representative
10564,849,RATTC,4,1997-06-10,1997-07-08,1997-06-16,3,1375,55,24,25,5,Rattlesnake Canyon Grocery,Paula Wilson,Assistant Sales Representative,Peacock,Margaret,Sales Representative,Pâté chinois,25,6,24 boxes x 2 pies,24,115,0,20,0,Meat/Poultry,Ma Maison,Jean-Guy Lauzon,Marketing Manager
10565,850,MEREP,8,1997-06-11,1997-07-09,1997-06-18,2,715,24,45,25,1,Mère Paillarde,Jean Fresnière,Marketing Assistant,Callahan,Laura,Inside Sales Coordinator,Guaraná Fantástica,10,1,12 - 355 ml cans,45,20,0,0,1,Beverages,Refrescos Americanas LTDA,Carlos Diaz,Marketing Manager
10565,851,MEREP,8,1997-06-11,1997-07-09,1997-06-18,2,715,64,3325,18,1,Mère Paillarde,Jean Fresnière,Marketing Assistant,Callahan,Laura,Inside Sales Coordinator,Wimmers gute Semmelknödel,12,5,20 bags x 4 pieces,3325,22,80,30,0,Grains/Cereals,Plutzer LebensmittelgroÁEmärkte AG,Martin Bein,International Marketing Mgr
10566,852,BLONP,9,1997-06-12,1997-07-10,1997-06-18,1,884,11,21,35,15,Blondesddsl père et fils,Frédérique Citeaux,Marketing Manager,Dodsworth,Anne,Sales Representative,Queso Cabrales,5,4,1 kg pkg,21,22,30,30,0,Dairy Products,Cooperativa de Quesos 'Las Cabras',Antonio del Valle Saavedra,Export Administrator
10566,853,BLONP,9,1997-06-12,1997-07-10,1997-06-18,1,884,18,625,18,15,Blondesddsl père et fils,Frédérique Citeaux,Marketing Manager,Dodsworth,Anne,Sales Representative,Carnarvon Tigers,7,8,16 kg pkg,625,42,0,0,0,Seafood,Pavlova, Ltd,Ian Devling
10566,854,BLONP,9,1997-06-12,1997-07-10,1997-06-18,1,884,76,18,10,0,Blondesddsl père et fils,Frédérique Citeaux,Marketing Manager,Dodsworth,Anne,Sales Representative,Lakkalikööri,23,1,500 ml,18,57,0,20,0,Beverages,Karkki Oy,Anne Heikkonen,Product Manager
10567,855,HUNGO,1,1997-06-12,1997-07-10,1997-06-17,1,3397,31,125,60,2,Hungry Owl All-Night Grocers,Patricia McKenna,Sales Associate,Davolio,Nancy,Sales Representative,Gorgonzola Telino,14,4,12 - 100 g pkgs,125,0,70,20,0,Dairy Products,Formaggi Fortini srl,Elio Rossi,Sales Representative
10567,856,HUNGO,1,1997-06-12,1997-07-10,1997-06-17,1,3397,51,53,3,0,Hungry Owl All-Night Grocers,Patricia McKenna,Sales Associate,Davolio,Nancy,Sales Representative,Manjimup Dried Apples,24,7,50 - 300 g pkgs,53,20,0,10,0,Produce,G'day, Mate,Wendy Mackenzie
10567,857,HUNGO,1,1997-06-12,1997-07-10,1997-06-17,1,3397,59,55,40,2,Hungry Owl All-Night Grocers,Patricia McKenna,Sales Associate,Davolio,Nancy,Sales Representative,Raclette Courdavault,28,4,5 kg pkg,55,79,0,0,0,Dairy Products,Gai pâturage,Eliane Noz,Sales Representative
10568,858,GALED,3,1997-06-13,1997-07-11,1997-07-09,3,654,10,31,5,0,Galería del gastrónomo,Eduardo Saavedra,Marketing Manager,Leverling,Janet,Sales Representative,Ikura,4,8,12 - 200 ml jars,31,31,0,0,0,Seafood,Tokyo Traders,Yoshi Nagase,Marketing Manager
10569,859,RATTC,5,1997-06-16,1997-07-14,1997-07-11,1,5898,31,125,35,2,Rattlesnake Canyon Grocery,Paula Wilson,Assistant Sales Representative,Buchanan,Steven,Sales Manager,Gorgonzola Telino,14,4,12 - 100 g pkgs,125,0,70,20,0,Dairy Products,Formaggi Fortini srl,Elio Rossi,Sales Representative
10569,860,RATTC,5,1997-06-16,1997-07-14,1997-07-11,1,5898,76,18,30,0,Rattlesnake Canyon Grocery,Paula Wilson,Assistant Sales Representative,Buchanan,Steven,Sales Manager,Lakkalikööri,23,1,500 ml,18,57,0,20,0,Beverages,Karkki Oy,Anne Heikkonen,Product Manager
10570,861,MEREP,3,1997-06-17,1997-07-15,1997-06-19,3,18899,11,21,15,5,Mère Paillarde,Jean Fresnière,Marketing Assistant,Leverling,Janet,Sales Representative,Queso Cabrales,5,4,1 kg pkg,21,22,30,30,0,Dairy Products,Cooperativa de Quesos 'Las Cabras',Antonio del Valle Saavedra,Export Administrator
10570,862,MEREP,3,1997-06-17,1997-07-15,1997-06-19,3,18899,56,38,60,5,Mère Paillarde,Jean Fresnière,Marketing Assistant,Leverling,Janet,Sales Representative,Gnocchi di nonna Alice,26,5,24 - 250 g pkgs,38,21,10,30,0,Grains/Cereals,Pasta Buttini srl,Giovanni Giudici,Order Administrator
10571,863,ERNSH,8,1997-06-17,1997-07-29,1997-07-04,3,2606,14,2325,11,15,Ernst Handel,Roland Mendel,Sales Manager,Callahan,Laura,Inside Sales Coordinator,Tofu,6,7,40 - 100 g pkgs,2325,35,0,0,0,Produce,Mayumi's,Mayumi Ohno,Marketing Representative
10571,864,ERNSH,8,1997-06-17,1997-07-29,1997-07-04,3,2606,42,14,28,15,Ernst Handel,Roland Mendel,Sales Manager,Callahan,Laura,Inside Sales Coordinator,Singaporean Hokkien Fried Mee,20,5,32 - 1 kg pkgs,14,26,0,0,1,Grains/Cereals,Leka Trading,Chandra Leka,Owner
10572,865,BERGS,3,1997-06-18,1997-07-16,1997-06-25,2,11643,16,1745,12,1,Berglunds snabbköp,Christina Berglund,Order Administrator,Leverling,Janet,Sales Representative,Pavlova,7,3,32 - 500 g boxes,1745,29,0,10,0,Confections,Pavlova, Ltd,Ian Devling
10572,866,BERGS,3,1997-06-18,1997-07-16,1997-06-25,2,11643,32,32,10,1,Berglunds snabbköp,Christina Berglund,Order Administrator,Leverling,Janet,Sales Representative,Mascarpone Fabioli,14,4,24 - 200 g pkgs,32,9,40,25,0,Dairy Products,Formaggi Fortini srl,Elio Rossi,Sales Representative
10572,867,BERGS,3,1997-06-18,1997-07-16,1997-06-25,2,11643,40,184,50,0,Berglunds snabbköp,Christina Berglund,Order Administrator,Leverling,Janet,Sales Representative,Boston Crab Meat,19,8,24 - 4 oz tins,184,123,0,30,0,Seafood,New England Seafood Cannery,Robb Merchant,Wholesale Account Agent
10572,868,BERGS,3,1997-06-18,1997-07-16,1997-06-25,2,11643,75,775,15,1,Berglunds snabbköp,Christina Berglund,Order Administrator,Leverling,Janet,Sales Representative,Rhönbräu Klosterbier,12,1,24 - 05 l bottles,775,125,0,25,0,Beverages,Plutzer LebensmittelgroÁEmärkte AG,Martin Bein,International Marketing Mgr
10573,869,ANTON,7,1997-06-19,1997-07-17,1997-06-20,3,8484,17,39,18,0,Antonio Moreno Taquería,Antonio Moreno,Owner,King,Robert,Sales Representative,Alice Mutton,7,6,20 - 1 kg tins,39,0,0,0,1,Meat/Poultry,Pavlova, Ltd,Ian Devling
10573,870,ANTON,7,1997-06-19,1997-07-17,1997-06-20,3,8484,34,14,40,0,Antonio Moreno Taquería,Antonio Moreno,Owner,King,Robert,Sales Representative,Sasquatch Ale,16,1,24 - 12 oz bottles,14,111,0,15,0,Beverages,Bigfoot Breweries,Cheryl Saylor,Regional Account Rep
10573,871,ANTON,7,1997-06-19,1997-07-17,1997-06-20,3,8484,53,328,25,0,Antonio Moreno Taquería,Antonio Moreno,Owner,King,Robert,Sales Representative,Perth Pasties,24,6,48 pieces,328,0,0,0,1,Meat/Poultry,G'day, Mate,Wendy Mackenzie
10574,872,TRAIH,4,1997-06-19,1997-07-17,1997-06-30,2,376,33,25,14,0,Trail's Head Gourmet Provisioners,Helvetius Nagy,Sales Associate,Peacock,Margaret,Sales Representative,Geitost,15,4,500 g,25,112,0,20,0,Dairy Products,Norske Meierier,Beate Vileid,Marketing Manager
10574,873,TRAIH,4,1997-06-19,1997-07-17,1997-06-30,2,376,40,184,2,0,Trail's Head Gourmet Provisioners,Helvetius Nagy,Sales Associate,Peacock,Margaret,Sales Representative,Boston Crab Meat,19,8,24 - 4 oz tins,184,123,0,30,0,Seafood,New England Seafood Cannery,Robb Merchant,Wholesale Account Agent
10574,874,TRAIH,4,1997-06-19,1997-07-17,1997-06-30,2,376,62,493,10,0,Trail's Head Gourmet Provisioners,Helvetius Nagy,Sales Associate,Peacock,Margaret,Sales Representative,Tarte au sucre,29,3,48 pies,493,17,0,0,0,Confections,Forêts d'érables,Chantal Goulet,Accounting Manager
10574,875,TRAIH,4,1997-06-19,1997-07-17,1997-06-30,2,376,64,3325,6,0,Trail's Head Gourmet Provisioners,Helvetius Nagy,Sales Associate,Peacock,Margaret,Sales Representative,Wimmers gute Semmelknödel,12,5,20 bags x 4 pieces,3325,22,80,30,0,Grains/Cereals,Plutzer LebensmittelgroÁEmärkte AG,Martin Bein,International Marketing Mgr
10575,876,MORGK,5,1997-06-20,1997-07-04,1997-06-30,1,12734,59,55,12,0,Morgenstern Gesundkost,Alexander Feuer,Marketing Assistant,Buchanan,Steven,Sales Manager,Raclette Courdavault,28,4,5 kg pkg,55,79,0,0,0,Dairy Products,Gai pâturage,Eliane Noz,Sales Representative
10575,877,MORGK,5,1997-06-20,1997-07-04,1997-06-30,1,12734,63,439,6,0,Morgenstern Gesundkost,Alexander Feuer,Marketing Assistant,Buchanan,Steven,Sales Manager,Vegie-spread,7,2,15 - 625 g jars,439,24,0,5,0,Condiments,Pavlova, Ltd,Ian Devling
10575,878,MORGK,5,1997-06-20,1997-07-04,1997-06-30,1,12734,72,348,30,0,Morgenstern Gesundkost,Alexander Feuer,Marketing Assistant,Buchanan,Steven,Sales Manager,Mozzarella di Giovanni,14,4,24 - 200 g pkgs,348,14,0,0,0,Dairy Products,Formaggi Fortini srl,Elio Rossi,Sales Representative
10575,879,MORGK,5,1997-06-20,1997-07-04,1997-06-30,1,12734,76,18,10,0,Morgenstern Gesundkost,Alexander Feuer,Marketing Assistant,Buchanan,Steven,Sales Manager,Lakkalikööri,23,1,500 ml,18,57,0,20,0,Beverages,Karkki Oy,Anne Heikkonen,Product Manager
10576,880,TORTU,3,1997-06-23,1997-07-07,1997-06-30,3,1856,1,18,10,0,Tortuga Restaurante,Miguel Angel Paolino,Owner,Leverling,Janet,Sales Representative,Chai,1,1,10 boxes x 20 bags,18,39,0,10,0,Beverages,Exotic Liquids,Charlotte Cooper,Purchasing Manager
10576,881,TORTU,3,1997-06-23,1997-07-07,1997-06-30,3,1856,31,125,20,0,Tortuga Restaurante,Miguel Angel Paolino,Owner,Leverling,Janet,Sales Representative,Gorgonzola Telino,14,4,12 - 100 g pkgs,125,0,70,20,0,Dairy Products,Formaggi Fortini srl,Elio Rossi,Sales Representative
10576,882,TORTU,3,1997-06-23,1997-07-07,1997-06-30,3,1856,44,1945,21,0,Tortuga Restaurante,Miguel Angel Paolino,Owner,Leverling,Janet,Sales Representative,Gula Malacca,20,2,20 - 2 kg bags,1945,27,0,15,0,Condiments,Leka Trading,Chandra Leka,Owner
10577,883,TRAIH,9,1997-06-23,1997-08-04,1997-06-30,2,2541,39,18,10,0,Trail's Head Gourmet Provisioners,Helvetius Nagy,Sales Associate,Dodsworth,Anne,Sales Representative,Chartreuse verte,18,1,750 cc per bottle,18,69,0,5,0,Beverages,Aux joyeux ecclésiastiques,Guylène Nodier,Sales Manager
10577,884,TRAIH,9,1997-06-23,1997-08-04,1997-06-30,2,2541,75,775,20,0,Trail's Head Gourmet Provisioners,Helvetius Nagy,Sales Associate,Dodsworth,Anne,Sales Representative,Rhönbräu Klosterbier,12,1,24 - 05 l bottles,775,125,0,25,0,Beverages,Plutzer LebensmittelgroÁEmärkte AG,Martin Bein,International Marketing Mgr
10577,885,TRAIH,9,1997-06-23,1997-08-04,1997-06-30,2,2541,77,13,18,0,Trail's Head Gourmet Provisioners,Helvetius Nagy,Sales Associate,Dodsworth,Anne,Sales Representative,Original Frankfurter grüne SoÁEe,12,2,12 boxes,13,32,0,15,0,Condiments,Plutzer LebensmittelgroÁEmärkte AG,Martin Bein,International Marketing Mgr
10578,886,BSBEV,4,1997-06-24,1997-07-22,1997-07-25,3,296,35,18,20,0,B's Beverages,Victoria Ashworth,Sales Representative,Peacock,Margaret,Sales Representative,Steeleye Stout,16,1,24 - 12 oz bottles,18,20,0,15,0,Beverages,Bigfoot Breweries,Cheryl Saylor,Regional Account Rep
10578,887,BSBEV,4,1997-06-24,1997-07-22,1997-07-25,3,296,57,195,6,0,B's Beverages,Victoria Ashworth,Sales Representative,Peacock,Margaret,Sales Representative,Ravioli Angelo,26,5,24 - 250 g pkgs,195,36,0,20,0,Grains/Cereals,Pasta Buttini srl,Giovanni Giudici,Order Administrator
10579,888,LETSS,1,1997-06-25,1997-07-23,1997-07-04,2,1373,15,155,10,0,Let's Stop N Shop,Jaime Yorres,Owner,Davolio,Nancy,Sales Representative,Genen Shouyu,6,2,24 - 250 ml bottles,155,39,0,5,0,Condiments,Mayumi's,Mayumi Ohno,Marketing Representative
10579,889,LETSS,1,1997-06-25,1997-07-23,1997-07-04,2,1373,75,775,21,0,Let's Stop N Shop,Jaime Yorres,Owner,Davolio,Nancy,Sales Representative,Rhönbräu Klosterbier,12,1,24 - 05 l bottles,775,125,0,25,0,Beverages,Plutzer LebensmittelgroÁEmärkte AG,Martin Bein,International Marketing Mgr
10580,890,OTTIK,4,1997-06-26,1997-07-24,1997-07-01,3,7589,14,2325,15,5,Ottilies Käseladen,Henriette Pfalzheim,Owner,Peacock,Margaret,Sales Representative,Tofu,6,7,40 - 100 g pkgs,2325,35,0,0,0,Produce,Mayumi's,Mayumi Ohno,Marketing Representative
10580,891,OTTIK,4,1997-06-26,1997-07-24,1997-07-01,3,7589,41,965,9,5,Ottilies Käseladen,Henriette Pfalzheim,Owner,Peacock,Margaret,Sales Representative,Jack's New England Clam Chowder,19,8,12 - 12 oz cans,965,85,0,10,0,Seafood,New England Seafood Cannery,Robb Merchant,Wholesale Account Agent
10580,892,OTTIK,4,1997-06-26,1997-07-24,1997-07-01,3,7589,65,2105,30,5,Ottilies Käseladen,Henriette Pfalzheim,Owner,Peacock,Margaret,Sales Representative,Louisiana Fiery Hot Pepper Sauce,2,2,32 - 8 oz bottles,2105,76,0,0,0,Condiments,New Orleans Cajun Delights,Shelley Burke,Order Administrator
10581,893,FAMIA,3,1997-06-26,1997-07-24,1997-07-02,1,301,75,775,50,2,Familia Arquibaldo,Aria Cruz,Marketing Assistant,Leverling,Janet,Sales Representative,Rhönbräu Klosterbier,12,1,24 - 05 l bottles,775,125,0,25,0,Beverages,Plutzer LebensmittelgroÁEmärkte AG,Martin Bein,International Marketing Mgr
10582,894,BLAUS,3,1997-06-27,1997-07-25,1997-07-14,2,2771,57,195,4,0,Blauer See Delikatessen,Hanna Moos,Sales Representative,Leverling,Janet,Sales Representative,Ravioli Angelo,26,5,24 - 250 g pkgs,195,36,0,20,0,Grains/Cereals,Pasta Buttini srl,Giovanni Giudici,Order Administrator
10582,895,BLAUS,3,1997-06-27,1997-07-25,1997-07-14,2,2771,76,18,14,0,Blauer See Delikatessen,Hanna Moos,Sales Representative,Leverling,Janet,Sales Representative,Lakkalikööri,23,1,500 ml,18,57,0,20,0,Beverages,Karkki Oy,Anne Heikkonen,Product Manager
10583,896,WARTH,2,1997-06-30,1997-07-28,1997-07-04,2,728,29,12379,10,0,Wartian Herkku,Pirkko Koskitalo,Accounting Manager,Fuller,Andrew,Vice President  Sales,Thüringer Rostbratwurst,12,6,50 bags x 30 sausgs,12379,0,0,0,1,Meat/Poultry,Plutzer LebensmittelgroÁEmärkte AG,Martin Bein,International Marketing Mgr
10583,897,WARTH,2,1997-06-30,1997-07-28,1997-07-04,2,728,60,34,24,15,Wartian Herkku,Pirkko Koskitalo,Accounting Manager,Fuller,Andrew,Vice President  Sales,Camembert Pierrot,28,4,15 - 300 g rounds,34,19,0,0,0,Dairy Products,Gai pâturage,Eliane Noz,Sales Representative
10583,898,WARTH,2,1997-06-30,1997-07-28,1997-07-04,2,728,69,36,10,15,Wartian Herkku,Pirkko Koskitalo,Accounting Manager,Fuller,Andrew,Vice President  Sales,Gudbrandsdalsost,15,4,10 kg pkg,36,26,0,15,0,Dairy Products,Norske Meierier,Beate Vileid,Marketing Manager
10584,899,BLONP,4,1997-06-30,1997-07-28,1997-07-04,1,5914,31,125,50,5,Blondesddsl père et fils,Frédérique Citeaux,Marketing Manager,Peacock,Margaret,Sales Representative,Gorgonzola Telino,14,4,12 - 100 g pkgs,125,0,70,20,0,Dairy Products,Formaggi Fortini srl,Elio Rossi,Sales Representative
10585,900,WELLI,7,1997-07-01,1997-07-29,1997-07-10,1,1341,47,95,15,0,Wellington Importadora,Paula Parente,Sales Manager,King,Robert,Sales Representative,Zaanse koeken,22,3,10 - 4 oz boxes,95,36,0,0,0,Confections,Zaanse Snoepfabriek,Dirk Luchte,Accounting Manager
10586,901,REGGC,9,1997-07-02,1997-07-30,1997-07-09,1,48,52,7,4,15,Reggiani Caseifici,Maurizio Moroni,Sales Associate,Dodsworth,Anne,Sales Representative,Filo Mix,24,5,16 - 2 kg boxes,7,38,0,25,0,Grains/Cereals,G'day, Mate,Wendy Mackenzie
10587,902,QUEDE,1,1997-07-02,1997-07-30,1997-07-09,1,6252,26,3123,6,0,Que Delícia,Bernardo Batista,Accounting Manager,Davolio,Nancy,Sales Representative,Gumbär Gummibärchen,11,3,100 - 250 g bags,3123,15,0,0,0,Confections,Heli SüÁEwaren GmbH & Co KG,Petra Winkler,Sales Manager
10587,903,QUEDE,1,1997-07-02,1997-07-30,1997-07-09,1,6252,35,18,20,0,Que Delícia,Bernardo Batista,Accounting Manager,Davolio,Nancy,Sales Representative,Steeleye Stout,16,1,24 - 12 oz bottles,18,20,0,15,0,Beverages,Bigfoot Breweries,Cheryl Saylor,Regional Account Rep
10587,904,QUEDE,1,1997-07-02,1997-07-30,1997-07-09,1,6252,77,13,20,0,Que Delícia,Bernardo Batista,Accounting Manager,Davolio,Nancy,Sales Representative,Original Frankfurter grüne SoÁEe,12,2,12 boxes,13,32,0,15,0,Condiments,Plutzer LebensmittelgroÁEmärkte AG,Martin Bein,International Marketing Mgr
10588,905,QUICK,2,1997-07-03,1997-07-31,1997-07-10,3,19467,18,625,40,2,QUICK-Stop,Horst Kloss,Accounting Manager,Fuller,Andrew,Vice President  Sales,Carnarvon Tigers,7,8,16 kg pkg,625,42,0,0,0,Seafood,Pavlova, Ltd,Ian Devling
10588,906,QUICK,2,1997-07-03,1997-07-31,1997-07-10,3,19467,42,14,100,2,QUICK-Stop,Horst Kloss,Accounting Manager,Fuller,Andrew,Vice President  Sales,Singaporean Hokkien Fried Mee,20,5,32 - 1 kg pkgs,14,26,0,0,1,Grains/Cereals,Leka Trading,Chandra Leka,Owner
10589,907,GREAL,8,1997-07-04,1997-08-01,1997-07-14,2,442,35,18,4,0,Great Lakes Food Market,Howard Snyder,Marketing Manager,Callahan,Laura,Inside Sales Coordinator,Steeleye Stout,16,1,24 - 12 oz bottles,18,20,0,15,0,Beverages,Bigfoot Breweries,Cheryl Saylor,Regional Account Rep
10590,908,MEREP,4,1997-07-07,1997-08-04,1997-07-14,3,4477,1,18,20,0,Mère Paillarde,Jean Fresnière,Marketing Assistant,Peacock,Margaret,Sales Representative,Chai,1,1,10 boxes x 20 bags,18,39,0,10,0,Beverages,Exotic Liquids,Charlotte Cooper,Purchasing Manager
10590,909,MEREP,4,1997-07-07,1997-08-04,1997-07-14,3,4477,77,13,60,5,Mère Paillarde,Jean Fresnière,Marketing Assistant,Peacock,Margaret,Sales Representative,Original Frankfurter grüne SoÁEe,12,2,12 boxes,13,32,0,15,0,Condiments,Plutzer LebensmittelgroÁEmärkte AG,Martin Bein,International Marketing Mgr
10591,910,VAFFE,1,1997-07-07,1997-07-21,1997-07-16,1,5592,3,10,14,0,Vaffeljernet,Palle Ibsen,Sales Manager,Davolio,Nancy,Sales Representative,Aniseed Syrup,1,2,12 - 550 ml bottles,10,13,70,25,0,Condiments,Exotic Liquids,Charlotte Cooper,Purchasing Manager
10591,911,VAFFE,1,1997-07-07,1997-07-21,1997-07-16,1,5592,7,30,10,0,Vaffeljernet,Palle Ibsen,Sales Manager,Davolio,Nancy,Sales Representative,Uncle Bob's Organic Dried Pears,3,7,12 - 1 lb pkgs,30,15,0,10,0,Produce,Grandma Kelly's Homestead,Regina Murphy,Sales Representative
10591,912,VAFFE,1,1997-07-07,1997-07-21,1997-07-16,1,5592,54,745,50,0,Vaffeljernet,Palle Ibsen,Sales Manager,Davolio,Nancy,Sales Representative,Tourtière,25,6,16 pies,745,21,0,10,0,Meat/Poultry,Ma Maison,Jean-Guy Lauzon,Marketing Manager
10592,913,LEHMS,3,1997-07-08,1997-08-05,1997-07-16,1,321,15,155,25,5,Lehmanns Marktstand,Renate Messner,Sales Representative,Leverling,Janet,Sales Representative,Genen Shouyu,6,2,24 - 250 ml bottles,155,39,0,5,0,Condiments,Mayumi's,Mayumi Ohno,Marketing Representative
10592,914,LEHMS,3,1997-07-08,1997-08-05,1997-07-16,1,321,26,3123,5,5,Lehmanns Marktstand,Renate Messner,Sales Representative,Leverling,Janet,Sales Representative,Gumbär Gummibärchen,11,3,100 - 250 g bags,3123,15,0,0,0,Confections,Heli SüÁEwaren GmbH & Co KG,Petra Winkler,Sales Manager
10593,915,LEHMS,7,1997-07-09,1997-08-06,1997-08-13,2,1742,20,81,21,2,Lehmanns Marktstand,Renate Messner,Sales Representative,King,Robert,Sales Representative,Sir Rodney's Marmalade,8,3,30 gift boxes,81,40,0,0,0,Confections,Specialty Biscuits, Ltd,Peter Wilson
10593,916,LEHMS,7,1997-07-09,1997-08-06,1997-08-13,2,1742,69,36,20,2,Lehmanns Marktstand,Renate Messner,Sales Representative,King,Robert,Sales Representative,Gudbrandsdalsost,15,4,10 kg pkg,36,26,0,15,0,Dairy Products,Norske Meierier,Beate Vileid,Marketing Manager
10593,917,LEHMS,7,1997-07-09,1997-08-06,1997-08-13,2,1742,76,18,4,2,Lehmanns Marktstand,Renate Messner,Sales Representative,King,Robert,Sales Representative,Lakkalikööri,23,1,500 ml,18,57,0,20,0,Beverages,Karkki Oy,Anne Heikkonen,Product Manager
10594,918,OLDWO,3,1997-07-09,1997-08-06,1997-07-16,2,524,52,7,24,0,Old World Delicatessen,Rene Phillips,Sales Representative,Leverling,Janet,Sales Representative,Filo Mix,24,5,16 - 2 kg boxes,7,38,0,25,0,Grains/Cereals,G'day, Mate,Wendy Mackenzie
10594,919,OLDWO,3,1997-07-09,1997-08-06,1997-07-16,2,524,58,1325,30,0,Old World Delicatessen,Rene Phillips,Sales Representative,Leverling,Janet,Sales Representative,Escargots de Bourgogne,27,8,24 pieces,1325,62,0,20,0,Seafood,Escargots Nouveaux,Marie Delamare,Sales Manager
10595,920,ERNSH,2,1997-07-10,1997-08-07,1997-07-14,1,9678,35,18,30,25,Ernst Handel,Roland Mendel,Sales Manager,Fuller,Andrew,Vice President  Sales,Steeleye Stout,16,1,24 - 12 oz bottles,18,20,0,15,0,Beverages,Bigfoot Breweries,Cheryl Saylor,Regional Account Rep
10595,921,ERNSH,2,1997-07-10,1997-08-07,1997-07-14,1,9678,61,285,120,25,Ernst Handel,Roland Mendel,Sales Manager,Fuller,Andrew,Vice President  Sales,Sirop d'érable,29,2,24 - 500 ml bottles,285,113,0,25,0,Condiments,Forêts d'érables,Chantal Goulet,Accounting Manager
10595,922,ERNSH,2,1997-07-10,1997-08-07,1997-07-14,1,9678,69,36,65,25,Ernst Handel,Roland Mendel,Sales Manager,Fuller,Andrew,Vice President  Sales,Gudbrandsdalsost,15,4,10 kg pkg,36,26,0,15,0,Dairy Products,Norske Meierier,Beate Vileid,Marketing Manager
10596,923,WHITC,8,1997-07-11,1997-08-08,1997-08-12,1,1634,56,38,5,2,White Clover Markets,Karl Jablonski,Owner,Callahan,Laura,Inside Sales Coordinator,Gnocchi di nonna Alice,26,5,24 - 250 g pkgs,38,21,10,30,0,Grains/Cereals,Pasta Buttini srl,Giovanni Giudici,Order Administrator
10596,924,WHITC,8,1997-07-11,1997-08-08,1997-08-12,1,1634,63,439,24,2,White Clover Markets,Karl Jablonski,Owner,Callahan,Laura,Inside Sales Coordinator,Vegie-spread,7,2,15 - 625 g jars,439,24,0,5,0,Condiments,Pavlova, Ltd,Ian Devling
10596,925,WHITC,8,1997-07-11,1997-08-08,1997-08-12,1,1634,75,775,30,2,White Clover Markets,Karl Jablonski,Owner,Callahan,Laura,Inside Sales Coordinator,Rhönbräu Klosterbier,12,1,24 - 05 l bottles,775,125,0,25,0,Beverages,Plutzer LebensmittelgroÁEmärkte AG,Martin Bein,International Marketing Mgr
10597,926,PICCO,7,1997-07-11,1997-08-08,1997-07-18,3,3512,24,45,35,2,Piccolo und mehr,Georg Pipps,Sales Manager,King,Robert,Sales Representative,Guaraná Fantástica,10,1,12 - 355 ml cans,45,20,0,0,1,Beverages,Refrescos Americanas LTDA,Carlos Diaz,Marketing Manager
10597,927,PICCO,7,1997-07-11,1997-08-08,1997-07-18,3,3512,57,195,20,0,Piccolo und mehr,Georg Pipps,Sales Manager,King,Robert,Sales Representative,Ravioli Angelo,26,5,24 - 250 g pkgs,195,36,0,20,0,Grains/Cereals,Pasta Buttini srl,Giovanni Giudici,Order Administrator
10597,928,PICCO,7,1997-07-11,1997-08-08,1997-07-18,3,3512,65,2105,12,2,Piccolo und mehr,Georg Pipps,Sales Manager,King,Robert,Sales Representative,Louisiana Fiery Hot Pepper Sauce,2,2,32 - 8 oz bottles,2105,76,0,0,0,Condiments,New Orleans Cajun Delights,Shelley Burke,Order Administrator
10598,929,RATTC,1,1997-07-14,1997-08-11,1997-07-18,3,4442,27,439,50,0,Rattlesnake Canyon Grocery,Paula Wilson,Assistant Sales Representative,Davolio,Nancy,Sales Representative,Schoggi Schokolade,11,3,100 - 100 g pieces,439,49,0,30,0,Confections,Heli SüÁEwaren GmbH & Co KG,Petra Winkler,Sales Manager
10598,930,RATTC,1,1997-07-14,1997-08-11,1997-07-18,3,4442,71,215,9,0,Rattlesnake Canyon Grocery,Paula Wilson,Assistant Sales Representative,Davolio,Nancy,Sales Representative,Flotemysost,15,4,10 - 500 g pkgs,215,26,0,0,0,Dairy Products,Norske Meierier,Beate Vileid,Marketing Manager
10599,931,BSBEV,6,1997-07-15,1997-08-26,1997-07-21,3,2998,62,493,10,0,B's Beverages,Victoria Ashworth,Sales Representative,Suyama,Michael,Sales Representative,Tarte au sucre,29,3,48 pies,493,17,0,0,0,Confections,Forêts d'érables,Chantal Goulet,Accounting Manager
10600,932,HUNGC,4,1997-07-16,1997-08-13,1997-07-21,1,4513,54,745,4,0,Hungry Coyote Import Store,Yoshi Latimer,Sales Representative,Peacock,Margaret,Sales Representative,Tourtière,25,6,16 pies,745,21,0,10,0,Meat/Poultry,Ma Maison,Jean-Guy Lauzon,Marketing Manager
10600,933,HUNGC,4,1997-07-16,1997-08-13,1997-07-21,1,4513,73,15,30,0,Hungry Coyote Import Store,Yoshi Latimer,Sales Representative,Peacock,Margaret,Sales Representative,Röd Kaviar,17,8,24 - 150 g jars,15,101,0,5,0,Seafood,Svensk Sjöföda AB,Michael Björn,Sales Representative
10601,934,HILAA,7,1997-07-16,1997-08-27,1997-07-22,1,583,13,6,60,0,HILARION-Abastos,Carlos Hernández,Sales Representative,King,Robert,Sales Representative,Konbu,6,8,2 kg box,6,24,0,5,0,Seafood,Mayumi's,Mayumi Ohno,Marketing Representative
10601,935,HILAA,7,1997-07-16,1997-08-27,1997-07-22,1,583,59,55,35,0,HILARION-Abastos,Carlos Hernández,Sales Representative,King,Robert,Sales Representative,Raclette Courdavault,28,4,5 kg pkg,55,79,0,0,0,Dairy Products,Gai pâturage,Eliane Noz,Sales Representative
10602,936,VAFFE,8,1997-07-17,1997-08-14,1997-07-22,2,292,77,13,5,25,Vaffeljernet,Palle Ibsen,Sales Manager,Callahan,Laura,Inside Sales Coordinator,Original Frankfurter grüne SoÁEe,12,2,12 boxes,13,32,0,15,0,Condiments,Plutzer LebensmittelgroÁEmärkte AG,Martin Bein,International Marketing Mgr
10603,937,SAVEA,8,1997-07-18,1997-08-15,1997-08-08,2,4877,22,21,48,0,Save-a-lot Markets,Jose Pavarotti,Sales Representative,Callahan,Laura,Inside Sales Coordinator,Gustaf's Knäckebröd,9,5,24 - 500 g pkgs,21,104,0,25,0,Grains/Cereals,PB Knäckebröd AB,Lars Peterson,Sales Agent
10603,938,SAVEA,8,1997-07-18,1997-08-15,1997-08-08,2,4877,49,20,25,5,Save-a-lot Markets,Jose Pavarotti,Sales Representative,Callahan,Laura,Inside Sales Coordinator,Maxilaku,23,3,24 - 50 g pkgs,20,10,60,15,0,Confections,Karkki Oy,Anne Heikkonen,Product Manager
10604,939,FURIB,1,1997-07-18,1997-08-15,1997-07-29,1,746,48,1275,6,1,Furia Bacalhau e Frutos do Mar,Lino Rodriguez,Sales Manager,Davolio,Nancy,Sales Representative,Chocolade,22,3,10 pkgs,1275,15,70,25,0,Confections,Zaanse Snoepfabriek,Dirk Luchte,Accounting Manager
10604,940,FURIB,1,1997-07-18,1997-08-15,1997-07-29,1,746,76,18,10,1,Furia Bacalhau e Frutos do Mar,Lino Rodriguez,Sales Manager,Davolio,Nancy,Sales Representative,Lakkalikööri,23,1,500 ml,18,57,0,20,0,Beverages,Karkki Oy,Anne Heikkonen,Product Manager
10605,941,MEREP,1,1997-07-21,1997-08-18,1997-07-29,2,37913,16,1745,30,5,Mère Paillarde,Jean Fresnière,Marketing Assistant,Davolio,Nancy,Sales Representative,Pavlova,7,3,32 - 500 g boxes,1745,29,0,10,0,Confections,Pavlova, Ltd,Ian Devling
10605,942,MEREP,1,1997-07-21,1997-08-18,1997-07-29,2,37913,59,55,20,5,Mère Paillarde,Jean Fresnière,Marketing Assistant,Davolio,Nancy,Sales Representative,Raclette Courdavault,28,4,5 kg pkg,55,79,0,0,0,Dairy Products,Gai pâturage,Eliane Noz,Sales Representative
10605,943,MEREP,1,1997-07-21,1997-08-18,1997-07-29,2,37913,60,34,70,5,Mère Paillarde,Jean Fresnière,Marketing Assistant,Davolio,Nancy,Sales Representative,Camembert Pierrot,28,4,15 - 300 g rounds,34,19,0,0,0,Dairy Products,Gai pâturage,Eliane Noz,Sales Representative
10605,944,MEREP,1,1997-07-21,1997-08-18,1997-07-29,2,37913,71,215,15,5,Mère Paillarde,Jean Fresnière,Marketing Assistant,Davolio,Nancy,Sales Representative,Flotemysost,15,4,10 - 500 g pkgs,215,26,0,0,0,Dairy Products,Norske Meierier,Beate Vileid,Marketing Manager
10606,945,TRADH,4,1997-07-22,1997-08-19,1997-07-31,3,794,4,22,20,2,Tradição Hipermercados,Anabela Domingues,Sales Representative,Peacock,Margaret,Sales Representative,Chef Anton's Cajun Seasoning,2,2,48 - 6 oz jars,22,53,0,0,0,Condiments,New Orleans Cajun Delights,Shelley Burke,Order Administrator
10606,946,TRADH,4,1997-07-22,1997-08-19,1997-07-31,3,794,55,24,20,2,Tradição Hipermercados,Anabela Domingues,Sales Representative,Peacock,Margaret,Sales Representative,Pâté chinois,25,6,24 boxes x 2 pies,24,115,0,20,0,Meat/Poultry,Ma Maison,Jean-Guy Lauzon,Marketing Manager
10606,947,TRADH,4,1997-07-22,1997-08-19,1997-07-31,3,794,62,493,10,2,Tradição Hipermercados,Anabela Domingues,Sales Representative,Peacock,Margaret,Sales Representative,Tarte au sucre,29,3,48 pies,493,17,0,0,0,Confections,Forêts d'érables,Chantal Goulet,Accounting Manager
10607,948,SAVEA,5,1997-07-22,1997-08-19,1997-07-25,1,20024,7,30,45,0,Save-a-lot Markets,Jose Pavarotti,Sales Representative,Buchanan,Steven,Sales Manager,Uncle Bob's Organic Dried Pears,3,7,12 - 1 lb pkgs,30,15,0,10,0,Produce,Grandma Kelly's Homestead,Regina Murphy,Sales Representative
10607,949,SAVEA,5,1997-07-22,1997-08-19,1997-07-25,1,20024,17,39,100,0,Save-a-lot Markets,Jose Pavarotti,Sales Representative,Buchanan,Steven,Sales Manager,Alice Mutton,7,6,20 - 1 kg tins,39,0,0,0,1,Meat/Poultry,Pavlova, Ltd,Ian Devling
10607,950,SAVEA,5,1997-07-22,1997-08-19,1997-07-25,1,20024,33,25,14,0,Save-a-lot Markets,Jose Pavarotti,Sales Representative,Buchanan,Steven,Sales Manager,Geitost,15,4,500 g,25,112,0,20,0,Dairy Products,Norske Meierier,Beate Vileid,Marketing Manager
10607,951,SAVEA,5,1997-07-22,1997-08-19,1997-07-25,1,20024,40,184,42,0,Save-a-lot Markets,Jose Pavarotti,Sales Representative,Buchanan,Steven,Sales Manager,Boston Crab Meat,19,8,24 - 4 oz tins,184,123,0,30,0,Seafood,New England Seafood Cannery,Robb Merchant,Wholesale Account Agent
10607,952,SAVEA,5,1997-07-22,1997-08-19,1997-07-25,1,20024,72,348,12,0,Save-a-lot Markets,Jose Pavarotti,Sales Representative,Buchanan,Steven,Sales Manager,Mozzarella di Giovanni,14,4,24 - 200 g pkgs,348,14,0,0,0,Dairy Products,Formaggi Fortini srl,Elio Rossi,Sales Representative
10608,953,TOMSP,4,1997-07-23,1997-08-20,1997-08-01,2,2779,56,38,28,0,Toms Spezialitäten,Karin Josephs,Marketing Manager,Peacock,Margaret,Sales Representative,Gnocchi di nonna Alice,26,5,24 - 250 g pkgs,38,21,10,30,0,Grains/Cereals,Pasta Buttini srl,Giovanni Giudici,Order Administrator
10609,954,DUMON,7,1997-07-24,1997-08-21,1997-07-30,2,185,1,18,3,0,Du monde entier,Janine Labrune,Owner,King,Robert,Sales Representative,Chai,1,1,10 boxes x 20 bags,18,39,0,10,0,Beverages,Exotic Liquids,Charlotte Cooper,Purchasing Manager
10609,955,DUMON,7,1997-07-24,1997-08-21,1997-07-30,2,185,10,31,10,0,Du monde entier,Janine Labrune,Owner,King,Robert,Sales Representative,Ikura,4,8,12 - 200 ml jars,31,31,0,0,0,Seafood,Tokyo Traders,Yoshi Nagase,Marketing Manager
10609,956,DUMON,7,1997-07-24,1997-08-21,1997-07-30,2,185,21,10,6,0,Du monde entier,Janine Labrune,Owner,King,Robert,Sales Representative,Sir Rodney's Scones,8,3,24 pkgs x 4 pieces,10,3,40,5,0,Confections,Specialty Biscuits, Ltd,Peter Wilson
10610,957,LAMAI,8,1997-07-25,1997-08-22,1997-08-06,1,2678,36,19,21,25,La maison d'Asie,Annette Roulet,Sales Manager,Callahan,Laura,Inside Sales Coordinator,Inlagd Sill,17,8,24 - 250 g  jars,19,112,0,20,0,Seafood,Svensk Sjöföda AB,Michael Björn,Sales Representative
10611,958,WOLZA,6,1997-07-25,1997-08-22,1997-08-01,2,8065,1,18,6,0,Wolski  Zajazd,Zbyszek Piestrzeniewicz,Owner,Suyama,Michael,Sales Representative,Chai,1,1,10 boxes x 20 bags,18,39,0,10,0,Beverages,Exotic Liquids,Charlotte Cooper,Purchasing Manager
10611,959,WOLZA,6,1997-07-25,1997-08-22,1997-08-01,2,8065,2,19,10,0,Wolski  Zajazd,Zbyszek Piestrzeniewicz,Owner,Suyama,Michael,Sales Representative,Chang,1,1,24 - 12 oz bottles,19,17,40,25,0,Beverages,Exotic Liquids,Charlotte Cooper,Purchasing Manager
10611,960,WOLZA,6,1997-07-25,1997-08-22,1997-08-01,2,8065,60,34,15,0,Wolski  Zajazd,Zbyszek Piestrzeniewicz,Owner,Suyama,Michael,Sales Representative,Camembert Pierrot,28,4,15 - 300 g rounds,34,19,0,0,0,Dairy Products,Gai pâturage,Eliane Noz,Sales Representative
10612,961,SAVEA,1,1997-07-28,1997-08-25,1997-08-01,2,54408,10,31,70,0,Save-a-lot Markets,Jose Pavarotti,Sales Representative,Davolio,Nancy,Sales Representative,Ikura,4,8,12 - 200 ml jars,31,31,0,0,0,Seafood,Tokyo Traders,Yoshi Nagase,Marketing Manager
10612,962,SAVEA,1,1997-07-28,1997-08-25,1997-08-01,2,54408,36,19,55,0,Save-a-lot Markets,Jose Pavarotti,Sales Representative,Davolio,Nancy,Sales Representative,Inlagd Sill,17,8,24 - 250 g  jars,19,112,0,20,0,Seafood,Svensk Sjöföda AB,Michael Björn,Sales Representative
10612,963,SAVEA,1,1997-07-28,1997-08-25,1997-08-01,2,54408,49,20,18,0,Save-a-lot Markets,Jose Pavarotti,Sales Representative,Davolio,Nancy,Sales Representative,Maxilaku,23,3,24 - 50 g pkgs,20,10,60,15,0,Confections,Karkki Oy,Anne Heikkonen,Product Manager
10612,964,SAVEA,1,1997-07-28,1997-08-25,1997-08-01,2,54408,60,34,40,0,Save-a-lot Markets,Jose Pavarotti,Sales Representative,Davolio,Nancy,Sales Representative,Camembert Pierrot,28,4,15 - 300 g rounds,34,19,0,0,0,Dairy Products,Gai pâturage,Eliane Noz,Sales Representative
10612,965,SAVEA,1,1997-07-28,1997-08-25,1997-08-01,2,54408,76,18,80,0,Save-a-lot Markets,Jose Pavarotti,Sales Representative,Davolio,Nancy,Sales Representative,Lakkalikööri,23,1,500 ml,18,57,0,20,0,Beverages,Karkki Oy,Anne Heikkonen,Product Manager
10613,966,HILAA,4,1997-07-29,1997-08-26,1997-08-01,2,811,13,6,8,1,HILARION-Abastos,Carlos Hernández,Sales Representative,Peacock,Margaret,Sales Representative,Konbu,6,8,2 kg box,6,24,0,5,0,Seafood,Mayumi's,Mayumi Ohno,Marketing Representative
10613,967,HILAA,4,1997-07-29,1997-08-26,1997-08-01,2,811,75,775,40,0,HILARION-Abastos,Carlos Hernández,Sales Representative,Peacock,Margaret,Sales Representative,Rhönbräu Klosterbier,12,1,24 - 05 l bottles,775,125,0,25,0,Beverages,Plutzer LebensmittelgroÁEmärkte AG,Martin Bein,International Marketing Mgr
10614,968,BLAUS,8,1997-07-29,1997-08-26,1997-08-01,3,193,11,21,14,0,Blauer See Delikatessen,Hanna Moos,Sales Representative,Callahan,Laura,Inside Sales Coordinator,Queso Cabrales,5,4,1 kg pkg,21,22,30,30,0,Dairy Products,Cooperativa de Quesos 'Las Cabras',Antonio del Valle Saavedra,Export Administrator
10614,969,BLAUS,8,1997-07-29,1997-08-26,1997-08-01,3,193,21,10,8,0,Blauer See Delikatessen,Hanna Moos,Sales Representative,Callahan,Laura,Inside Sales Coordinator,Sir Rodney's Scones,8,3,24 pkgs x 4 pieces,10,3,40,5,0,Confections,Specialty Biscuits, Ltd,Peter Wilson
10614,970,BLAUS,8,1997-07-29,1997-08-26,1997-08-01,3,193,39,18,5,0,Blauer See Delikatessen,Hanna Moos,Sales Representative,Callahan,Laura,Inside Sales Coordinator,Chartreuse verte,18,1,750 cc per bottle,18,69,0,5,0,Beverages,Aux joyeux ecclésiastiques,Guylène Nodier,Sales Manager
10615,971,WILMK,2,1997-07-30,1997-08-27,1997-08-06,3,75,55,24,5,0,Wilman Kala,Matti Karttunen,Owner/Marketing Assistant,Fuller,Andrew,Vice President  Sales,Pâté chinois,25,6,24 boxes x 2 pies,24,115,0,20,0,Meat/Poultry,Ma Maison,Jean-Guy Lauzon,Marketing Manager
10616,972,GREAL,1,1997-07-31,1997-08-28,1997-08-05,2,11653,38,2635,15,5,Great Lakes Food Market,Howard Snyder,Marketing Manager,Davolio,Nancy,Sales Representative,Côte de Blaye,18,1,12 - 75 cl bottles,2635,17,0,15,0,Beverages,Aux joyeux ecclésiastiques,Guylène Nodier,Sales Manager
10616,973,GREAL,1,1997-07-31,1997-08-28,1997-08-05,2,11653,56,38,14,0,Great Lakes Food Market,Howard Snyder,Marketing Manager,Davolio,Nancy,Sales Representative,Gnocchi di nonna Alice,26,5,24 - 250 g pkgs,38,21,10,30,0,Grains/Cereals,Pasta Buttini srl,Giovanni Giudici,Order Administrator
10616,974,GREAL,1,1997-07-31,1997-08-28,1997-08-05,2,11653,70,15,15,5,Great Lakes Food Market,Howard Snyder,Marketing Manager,Davolio,Nancy,Sales Representative,Outback Lager,7,1,24 - 355 ml bottles,15,15,10,30,0,Beverages,Pavlova, Ltd,Ian Devling
10616,975,GREAL,1,1997-07-31,1997-08-28,1997-08-05,2,11653,71,215,15,5,Great Lakes Food Market,Howard Snyder,Marketing Manager,Davolio,Nancy,Sales Representative,Flotemysost,15,4,10 - 500 g pkgs,215,26,0,0,0,Dairy Products,Norske Meierier,Beate Vileid,Marketing Manager
10617,976,GREAL,4,1997-07-31,1997-08-28,1997-08-04,2,1853,59,55,30,15,Great Lakes Food Market,Howard Snyder,Marketing Manager,Peacock,Margaret,Sales Representative,Raclette Courdavault,28,4,5 kg pkg,55,79,0,0,0,Dairy Products,Gai pâturage,Eliane Noz,Sales Representative
10618,977,MEREP,1,1997-08-01,1997-09-12,1997-08-08,1,15468,6,25,70,0,Mère Paillarde,Jean Fresnière,Marketing Assistant,Davolio,Nancy,Sales Representative,Grandma's Boysenberry Spread,3,2,12 - 8 oz jars,25,120,0,25,0,Condiments,Grandma Kelly's Homestead,Regina Murphy,Sales Representative
10618,978,MEREP,1,1997-08-01,1997-09-12,1997-08-08,1,15468,56,38,20,0,Mère Paillarde,Jean Fresnière,Marketing Assistant,Davolio,Nancy,Sales Representative,Gnocchi di nonna Alice,26,5,24 - 250 g pkgs,38,21,10,30,0,Grains/Cereals,Pasta Buttini srl,Giovanni Giudici,Order Administrator
10618,979,MEREP,1,1997-08-01,1997-09-12,1997-08-08,1,15468,68,125,15,0,Mère Paillarde,Jean Fresnière,Marketing Assistant,Davolio,Nancy,Sales Representative,Scottish Longbreads,8,3,10 boxes x 8 pieces,125,6,10,15,0,Confections,Specialty Biscuits, Ltd,Peter Wilson
10619,980,MEREP,3,1997-08-04,1997-09-01,1997-08-07,3,9105,21,10,42,0,Mère Paillarde,Jean Fresnière,Marketing Assistant,Leverling,Janet,Sales Representative,Sir Rodney's Scones,8,3,24 pkgs x 4 pieces,10,3,40,5,0,Confections,Specialty Biscuits, Ltd,Peter Wilson
10619,981,MEREP,3,1997-08-04,1997-09-01,1997-08-07,3,9105,22,21,40,0,Mère Paillarde,Jean Fresnière,Marketing Assistant,Leverling,Janet,Sales Representative,Gustaf's Knäckebröd,9,5,24 - 500 g pkgs,21,104,0,25,0,Grains/Cereals,PB Knäckebröd AB,Lars Peterson,Sales Agent
10620,982,LAUGB,2,1997-08-05,1997-09-02,1997-08-14,3,94,24,45,5,0,Laughing Bacchus Wine Cellars,Yoshi Tannamuri,Marketing Assistant,Fuller,Andrew,Vice President  Sales,Guaraná Fantástica,10,1,12 - 355 ml cans,45,20,0,0,1,Beverages,Refrescos Americanas LTDA,Carlos Diaz,Marketing Manager
10620,983,LAUGB,2,1997-08-05,1997-09-02,1997-08-14,3,94,52,7,5,0,Laughing Bacchus Wine Cellars,Yoshi Tannamuri,Marketing Assistant,Fuller,Andrew,Vice President  Sales,Filo Mix,24,5,16 - 2 kg boxes,7,38,0,25,0,Grains/Cereals,G'day, Mate,Wendy Mackenzie
10621,984,ISLAT,4,1997-08-05,1997-09-02,1997-08-11,2,2373,19,92,5,0,Island Trading,Helen Bennett,Marketing Manager,Peacock,Margaret,Sales Representative,Teatime Chocolate Biscuits,8,3,10 boxes x 12 pieces,92,25,0,5,0,Confections,Specialty Biscuits, Ltd,Peter Wilson
10621,985,ISLAT,4,1997-08-05,1997-09-02,1997-08-11,2,2373,23,9,10,0,Island Trading,Helen Bennett,Marketing Manager,Peacock,Margaret,Sales Representative,Tunnbröd,9,5,12 - 250 g pkgs,9,61,0,25,0,Grains/Cereals,PB Knäckebröd AB,Lars Peterson,Sales Agent
10621,986,ISLAT,4,1997-08-05,1997-09-02,1997-08-11,2,2373,70,15,20,0,Island Trading,Helen Bennett,Marketing Manager,Peacock,Margaret,Sales Representative,Outback Lager,7,1,24 - 355 ml bottles,15,15,10,30,0,Beverages,Pavlova, Ltd,Ian Devling
10621,987,ISLAT,4,1997-08-05,1997-09-02,1997-08-11,2,2373,71,215,15,0,Island Trading,Helen Bennett,Marketing Manager,Peacock,Margaret,Sales Representative,Flotemysost,15,4,10 - 500 g pkgs,215,26,0,0,0,Dairy Products,Norske Meierier,Beate Vileid,Marketing Manager
10622,988,RICAR,4,1997-08-06,1997-09-03,1997-08-11,3,5097,2,19,20,0,Ricardo Adocicados,Janete Limeira,Assistant Sales Agent,Peacock,Margaret,Sales Representative,Chang,1,1,24 - 12 oz bottles,19,17,40,25,0,Beverages,Exotic Liquids,Charlotte Cooper,Purchasing Manager
10622,989,RICAR,4,1997-08-06,1997-09-03,1997-08-11,3,5097,68,125,18,2,Ricardo Adocicados,Janete Limeira,Assistant Sales Agent,Peacock,Margaret,Sales Representative,Scottish Longbreads,8,3,10 boxes x 8 pieces,125,6,10,15,0,Confections,Specialty Biscuits, Ltd,Peter Wilson
10623,990,FRANK,8,1997-08-07,1997-09-04,1997-08-12,2,9718,14,2325,21,0,Frankenversand,Peter Franken,Marketing Manager,Callahan,Laura,Inside Sales Coordinator,Tofu,6,7,40 - 100 g pkgs,2325,35,0,0,0,Produce,Mayumi's,Mayumi Ohno,Marketing Representative
10623,991,FRANK,8,1997-08-07,1997-09-04,1997-08-12,2,9718,19,92,15,1,Frankenversand,Peter Franken,Marketing Manager,Callahan,Laura,Inside Sales Coordinator,Teatime Chocolate Biscuits,8,3,10 boxes x 12 pieces,92,25,0,5,0,Confections,Specialty Biscuits, Ltd,Peter Wilson
10623,992,FRANK,8,1997-08-07,1997-09-04,1997-08-12,2,9718,21,10,25,1,Frankenversand,Peter Franken,Marketing Manager,Callahan,Laura,Inside Sales Coordinator,Sir Rodney's Scones,8,3,24 pkgs x 4 pieces,10,3,40,5,0,Confections,Specialty Biscuits, Ltd,Peter Wilson
10623,993,FRANK,8,1997-08-07,1997-09-04,1997-08-12,2,9718,24,45,3,0,Frankenversand,Peter Franken,Marketing Manager,Callahan,Laura,Inside Sales Coordinator,Guaraná Fantástica,10,1,12 - 355 ml cans,45,20,0,0,1,Beverages,Refrescos Americanas LTDA,Carlos Diaz,Marketing Manager
10623,994,FRANK,8,1997-08-07,1997-09-04,1997-08-12,2,9718,35,18,30,1,Frankenversand,Peter Franken,Marketing Manager,Callahan,Laura,Inside Sales Coordinator,Steeleye Stout,16,1,24 - 12 oz bottles,18,20,0,15,0,Beverages,Bigfoot Breweries,Cheryl Saylor,Regional Account Rep
10624,995,THECR,4,1997-08-07,1997-09-04,1997-08-19,2,948,28,456,10,0,The Cracker Box,Liu Wong,Marketing Assistant,Peacock,Margaret,Sales Representative,Rössle Sauerkraut,12,7,25 - 825 g cans,456,26,0,0,1,Produce,Plutzer LebensmittelgroÁEmärkte AG,Martin Bein,International Marketing Mgr
10624,996,THECR,4,1997-08-07,1997-09-04,1997-08-19,2,948,29,12379,6,0,The Cracker Box,Liu Wong,Marketing Assistant,Peacock,Margaret,Sales Representative,Thüringer Rostbratwurst,12,6,50 bags x 30 sausgs,12379,0,0,0,1,Meat/Poultry,Plutzer LebensmittelgroÁEmärkte AG,Martin Bein,International Marketing Mgr
10624,997,THECR,4,1997-08-07,1997-09-04,1997-08-19,2,948,44,1945,10,0,The Cracker Box,Liu Wong,Marketing Assistant,Peacock,Margaret,Sales Representative,Gula Malacca,20,2,20 - 2 kg bags,1945,27,0,15,0,Condiments,Leka Trading,Chandra Leka,Owner
10625,998,ANATR,3,1997-08-08,1997-09-05,1997-08-14,1,439,14,2325,3,0,Ana Trujillo Emparedados y helados,Ana Trujillo,Owner,Leverling,Janet,Sales Representative,Tofu,6,7,40 - 100 g pkgs,2325,35,0,0,0,Produce,Mayumi's,Mayumi Ohno,Marketing Representative
10625,999,ANATR,3,1997-08-08,1997-09-05,1997-08-14,1,439,42,14,5,0,Ana Trujillo Emparedados y helados,Ana Trujillo,Owner,Leverling,Janet,Sales Representative,Singaporean Hokkien Fried Mee,20,5,32 - 1 kg pkgs,14,26,0,0,1,Grains/Cereals,Leka Trading,Chandra Leka,Owner
10625,1000,ANATR,3,1997-08-08,1997-09-05,1997-08-14,1,439,60,34,10,0,Ana Trujillo Emparedados y helados,Ana Trujillo,Owner,Leverling,Janet,Sales Representative,Camembert Pierrot,28,4,15 - 300 g rounds,34,19,0,0,0,Dairy Products,Gai pâturage,Eliane Noz,Sales Representative
